Country,Code,Year,GDP_per_capita
Aruba,ABW,2010,23513.5277
Aruba,ABW,2011,24985.01392
Aruba,ABW,2012,24712.49326
Aruba,ABW,2013,26441.61994
Aruba,ABW,2014,26893.01151
Aruba,ABW,2015,28396.90842
Aruba,ABW,2016,28452.17061
Aruba,ABW,2017,29350.80502
Aruba,ABW,2018,30253.27936
Africa Eastern and Southern,AFE,2010,1554.183379
Africa Eastern and Southern,AFE,2011,1686.695763
Africa Eastern and Southern,AFE,2012,1672.363658
Africa Eastern and Southern,AFE,2013,1653.188436
Africa Eastern and Southern,AFE,2014,1658.650062
Africa Eastern and Southern,AFE,2015,1507.800256
Africa Eastern and Southern,AFE,2016,1404.953164
Africa Eastern and Southern,AFE,2017,1540.232473
Africa Eastern and Southern,AFE,2018,1534.171767
Africa Eastern and Southern,AFE,2019,1485.307425
Africa Eastern and Southern,AFE,2020,1330.140232
Afghanistan,AFG,2010,543.3029674
Afghanistan,AFG,2011,591.1627983
Afghanistan,AFG,2012,641.871438
Afghanistan,AFG,2013,637.165464
Afghanistan,AFG,2014,613.8565052
Afghanistan,AFG,2015,578.4663529
Afghanistan,AFG,2016,509.2201005
Afghanistan,AFG,2017,519.8889126
Afghanistan,AFG,2018,493.7565814
Afghanistan,AFG,2019,507.1033919
Afghanistan,AFG,2020,508.8084095
Africa Western and Central,AFW,2010,1655.130138
Africa Western and Central,AFW,2011,1827.518347
Africa Western and Central,AFW,2012,1936.390962
Africa Western and Central,AFW,2013,2123.392433
Africa Western and Central,AFW,2014,2166.743309
Africa Western and Central,AFW,2015,1886.248158
Africa Western and Central,AFW,2016,1666.422406
Africa Western and Central,AFW,2017,1606.978332
Africa Western and Central,AFW,2018,1695.959215
Africa Western and Central,AFW,2019,1772.339155
Africa Western and Central,AFW,2020,1714.4268
Angola,AGO,2010,3587.883645
Angola,AGO,2011,4615.468219
Angola,AGO,2012,5100.097027
Angola,AGO,2013,5254.881126
Angola,AGO,2014,5408.4117
Angola,AGO,2015,4166.979833
Angola,AGO,2016,3506.073128
Angola,AGO,2017,4095.810057
Angola,AGO,2018,3289.643995
Angola,AGO,2019,2809.626088
Angola,AGO,2020,1895.770869
Albania,ALB,2010,4094.350334
Albania,ALB,2011,4437.142885
Albania,ALB,2012,4247.629984
Albania,ALB,2013,4413.060861
Albania,ALB,2014,4578.631994
Albania,ALB,2015,3952.801215
Albania,ALB,2016,4124.055726
Albania,ALB,2017,4531.020806
Albania,ALB,2018,5284.380184
Albania,ALB,2019,5355.847795
Albania,ALB,2020,5215.276752
Andorra,AND,2010,40850.24814
Andorra,AND,2011,43334.81141
Andorra,AND,2012,38686.46126
Andorra,AND,2013,39540.72481
Andorra,AND,2014,41303.92937
Andorra,AND,2015,35770.7767
Andorra,AND,2016,37475.63506
Andorra,AND,2017,38964.90448
Andorra,AND,2018,41791.96984
Andorra,AND,2019,40897.33087
Arab World,ARB,2010,5797.803465
Arab World,ARB,2011,6695.858477
Arab World,ARB,2012,7265.966351
Arab World,ARB,2013,7314.827201
Arab World,ARB,2014,7247.972778
Arab World,ARB,2015,6185.08363
Arab World,ARB,2016,5938.791328
Arab World,ARB,2017,5941.064594
Arab World,ARB,2018,6402.380811
Arab World,ARB,2019,6403.540772
Arab World,ARB,2020,5654.950574
United Arab Emirates,ARE,2010,33893.26387
United Arab Emirates,ARE,2011,39194.67224
United Arab Emirates,ARE,2012,40976.49075
United Arab Emirates,ARE,2013,42412.6395
United Arab Emirates,ARE,2014,43751.80565
United Arab Emirates,ARE,2015,38663.4005
United Arab Emirates,ARE,2016,38141.86713
United Arab Emirates,ARE,2017,40644.79119
United Arab Emirates,ARE,2018,43839.32449
United Arab Emirates,ARE,2019,43103.33629
Argentina,ARG,2010,10385.96443
Argentina,ARG,2011,12848.8642
Argentina,ARG,2012,13082.66433
Argentina,ARG,2013,13080.25473
Argentina,ARG,2014,12334.79825
Argentina,ARG,2015,13789.06042
Argentina,ARG,2016,12790.24247
Argentina,ARG,2017,14613.04182
Argentina,ARG,2018,11633.49801
Argentina,ARG,2019,9912.281809
Argentina,ARG,2020,8441.919439
Armenia,ARM,2010,3218.378299
Armenia,ARM,2011,3525.807198
Armenia,ARM,2012,3681.844691
Armenia,ARM,2013,3838.17388
Armenia,ARM,2014,3986.231624
Armenia,ARM,2015,3607.289299
Armenia,ARM,2016,3591.828052
Armenia,ARM,2017,3914.527854
Armenia,ARM,2018,4220.540321
Armenia,ARM,2019,4622.738182
Armenia,ARM,2020,4267.452119
American Samoa,ASM,2010,10216.81763
American Samoa,ASM,2011,10223.29836
American Samoa,ASM,2012,11496.5241
American Samoa,ASM,2013,11450.7242
American Samoa,ASM,2014,11525.15639
American Samoa,ASM,2015,12059.63516
American Samoa,ASM,2016,12038.2497
American Samoa,ASM,2017,11003.82976
American Samoa,ASM,2018,11557.67116
American Samoa,ASM,2019,11534.56754
Antigua and Barbuda,ATG,2010,13048.96058
Antigua and Barbuda,ATG,2011,12746.63347
Antigua and Barbuda,ATG,2012,13272.73494
Antigua and Barbuda,ATG,2013,12910.59063
Antigua and Barbuda,ATG,2014,13501.58092
Antigua and Barbuda,ATG,2015,14285.32978
Antigua and Barbuda,ATG,2016,15198.74297
Antigua and Barbuda,ATG,2017,15383.5764
Antigua and Barbuda,ATG,2018,16673.4369
Antigua and Barbuda,ATG,2019,17113.34977
Antigua and Barbuda,ATG,2020,14449.99652
Australia,AUS,2010,52022.1256
Australia,AUS,2011,62517.83375
Australia,AUS,2012,68012.1479
Australia,AUS,2013,68150.10704
Australia,AUS,2014,62510.79117
Australia,AUS,2015,56755.72171
Australia,AUS,2016,49971.13146
Australia,AUS,2017,54027.96682
Australia,AUS,2018,57354.96405
Australia,AUS,2019,55057.2047
Australia,AUS,2020,51812.15404
Austria,AUT,2010,46858.04327
Austria,AUT,2011,51374.95841
Austria,AUT,2012,48567.69529
Austria,AUT,2013,50716.70871
Austria,AUT,2014,51717.49594
Austria,AUT,2015,44178.04738
Austria,AUT,2016,45276.83144
Austria,AUT,2017,47309.36627
Austria,AUT,2018,51453.14702
Austria,AUT,2019,50121.55421
Austria,AUT,2020,48327.63111
Azerbaijan,AZE,2010,5843.533768
Azerbaijan,AZE,2011,7189.691229
Azerbaijan,AZE,2012,7496.294648
Azerbaijan,AZE,2013,7875.756953
Azerbaijan,AZE,2014,7891.313147
Azerbaijan,AZE,2015,5500.310382
Azerbaijan,AZE,2016,3880.738731
Azerbaijan,AZE,2017,4147.089716
Azerbaijan,AZE,2018,4739.84171
Azerbaijan,AZE,2019,4805.753718
Azerbaijan,AZE,2020,4214.311336
Burundi,BDI,2010,234.2355325
Burundi,BDI,2011,249.5779728
Burundi,BDI,2012,252.3588663
Burundi,BDI,2013,256.9756471
Burundi,BDI,2014,274.8578422
Burundi,BDI,2015,305.549646
Burundi,BDI,2016,282.1930285
Burundi,BDI,2017,292.9980095
Burundi,BDI,2018,271.7524964
Burundi,BDI,2019,261.2452912
Burundi,BDI,2020,274.0095232
Belgium,BEL,2010,44141.87814
Belgium,BEL,2011,47348.52502
Belgium,BEL,2012,44673.11588
Belgium,BEL,2013,46744.66254
Belgium,BEL,2014,47700.54036
Belgium,BEL,2015,40991.80814
Belgium,BEL,2016,41984.10303
Belgium,BEL,2017,44089.31009
Belgium,BEL,2018,47554.74631
Belgium,BEL,2019,46414.43523
Belgium,BEL,2020,44594.37811
Benin,BEN,2010,1036.534594
Benin,BEN,2011,1130.27319
Benin,BEN,2012,1145.140019
Benin,BEN,2013,1251.209707
Benin,BEN,2014,1291.410107
Benin,BEN,2015,1076.796702
Benin,BEN,2016,1087.287304
Benin,BEN,2017,1136.59397
Benin,BEN,2018,1240.830962
Benin,BEN,2019,1219.515479
Benin,BEN,2020,1291.040962
Burkina Faso,BFA,2010,647.8360955
Burkina Faso,BFA,2011,751.1727704
Burkina Faso,BFA,2012,758.000427
Burkina Faso,BFA,2013,787.4694383
Burkina Faso,BFA,2014,792.8462374
Burkina Faso,BFA,2015,653.3272681
Burkina Faso,BFA,2016,688.2506963
Burkina Faso,BFA,2017,734.996268
Burkina Faso,BFA,2018,813.0996894
Burkina Faso,BFA,2019,786.8954377
Burkina Faso,BFA,2020,830.9251446
Bangladesh,BGD,2010,781.1535777
Bangladesh,BGD,2011,861.7621622
Bangladesh,BGD,2012,883.1171296
Bangladesh,BGD,2013,981.8608514
Bangladesh,BGD,2014,1118.873808
Bangladesh,BGD,2015,1248.45331
Bangladesh,BGD,2016,1401.564635
Bangladesh,BGD,2017,1563.767819
Bangladesh,BGD,2018,1698.132081
Bangladesh,BGD,2019,1855.69151
Bangladesh,BGD,2020,1968.792225
Bulgaria,BGR,2010,6812.406338
Bulgaria,BGR,2011,7809.425062
Bulgaria,BGR,2012,7395.849803
Bulgaria,BGR,2013,7655.129708
Bulgaria,BGR,2014,7876.866465
Bulgaria,BGR,2015,7055.935673
Bulgaria,BGR,2016,7548.855007
Bulgaria,BGR,2017,8334.081728
Bulgaria,BGR,2018,9427.73043
Bulgaria,BGR,2019,9828.148515
Bulgaria,BGR,2020,9975.780001
Bahrain,BHR,2010,20722.07049
Bahrain,BHR,2011,22514.20272
Bahrain,BHR,2012,23654.36959
Bahrain,BHR,2013,24744.29696
Bahrain,BHR,2014,24989.43753
Bahrain,BHR,2015,22634.08565
Bahrain,BHR,2016,22608.45256
Bahrain,BHR,2017,23742.93734
Bahrain,BHR,2018,23991.04139
Bahrain,BHR,2019,23443.43483
"Bahamas, The",BHS,2010,28443.88848
"Bahamas, The",BHS,2011,28005.9124
"Bahamas, The",BHS,2012,29485.86422
"Bahamas, The",BHS,2013,28784.02449
"Bahamas, The",BHS,2014,29980.70826
"Bahamas, The",BHS,2015,31295.56387
"Bahamas, The",BHS,2016,31563.30787
"Bahamas, The",BHS,2017,32719.66659
"Bahamas, The",BHS,2018,33767.94119
"Bahamas, The",BHS,2019,34863.38405
"Bahamas, The",BHS,2020,28607.90138
Bosnia and Herzegovina,BIH,2010,4635.510273
Bosnia and Herzegovina,BIH,2011,5092.554725
Bosnia and Herzegovina,BIH,2012,4778.636088
Bosnia and Herzegovina,BIH,2013,5131.404646
Bosnia and Herzegovina,BIH,2014,5329.631984
Bosnia and Herzegovina,BIH,2015,4727.276333
Bosnia and Herzegovina,BIH,2016,4994.68904
Bosnia and Herzegovina,BIH,2017,5394.579953
Bosnia and Herzegovina,BIH,2018,6072.184623
Bosnia and Herzegovina,BIH,2019,6120.112626
Bosnia and Herzegovina,BIH,2020,6031.556869
Belarus,BLR,2010,6029.3968
Belarus,BLR,2011,6519.230195
Belarus,BLR,2012,6940.159254
Belarus,BLR,2013,7978.872615
Belarus,BLR,2014,8318.51269
Belarus,BLR,2015,5949.106307
Belarus,BLR,2016,5022.626643
Belarus,BLR,2017,5761.74712
Belarus,BLR,2018,6330.075246
Belarus,BLR,2019,6839.103833
Belarus,BLR,2020,6411.227813
Belize,BLZ,2010,4270.780031
Belize,BLZ,2011,4423.496842
Belize,BLZ,2012,4505.600593
Belize,BLZ,2013,4568.641228
Belize,BLZ,2014,4718.436581
Belize,BLZ,2015,4770.232656
Belize,BLZ,2016,4856.973249
Belize,BLZ,2017,4945.857699
Belize,BLZ,2018,5001.422157
Belize,BLZ,2019,5078.809944
Belize,BLZ,2020,4435.621154
Bermuda,BMU,2010,101875.2841
Bermuda,BMU,2011,97774.16207
Bermuda,BMU,2012,98431.86518
Bermuda,BMU,2013,99471.6389
Bermuda,BMU,2014,98467.68399
Bermuda,BMU,2015,102005.6256
Bermuda,BMU,2016,106885.8785
Bermuda,BMU,2017,111820.5815
Bermuda,BMU,2018,113023.1856
Bermuda,BMU,2019,117098.4463
Bolivia,BOL,2010,1955.460181
Bolivia,BOL,2011,2346.337844
Bolivia,BOL,2012,2609.880562
Bolivia,BOL,2013,2908.200371
Bolivia,BOL,2014,3081.878824
Bolivia,BOL,2015,3035.971655
Bolivia,BOL,2016,3076.656439
Bolivia,BOL,2017,3351.124344
Bolivia,BOL,2018,3548.59078
Bolivia,BOL,2019,3552.068144
Bolivia,BOL,2020,3143.045494
Brazil,BRA,2010,11286.2429
Brazil,BRA,2011,13245.61203
Brazil,BRA,2012,12370.02445
Brazil,BRA,2013,12300.32482
Brazil,BRA,2014,12112.58767
Brazil,BRA,2015,8814.001418
Brazil,BRA,2016,8710.096774
Brazil,BRA,2017,9928.643063
Brazil,BRA,2018,9151.445253
Brazil,BRA,2019,8897.48777
Brazil,BRA,2020,6796.844542
Barbados,BRB,2010,16056.37098
Barbados,BRB,2011,16458.35321
Barbados,BRB,2012,16249.67395
Barbados,BRB,2013,16451.27931
Barbados,BRB,2014,16489.07224
Barbados,BRB,2015,16524.8995
Barbados,BRB,2016,16900.04829
Barbados,BRB,2017,17391.66891
Barbados,BRB,2018,17745.25537
Barbados,BRB,2019,18148.49785
Barbados,BRB,2020,15191.16404
Brunei Darussalam,BRN,2010,35270.64214
Brunei Darussalam,BRN,2011,47055.96064
Brunei Darussalam,BRN,2012,47739.55769
Brunei Darussalam,BRN,2013,44740.85942
Brunei Darussalam,BRN,2014,41725.86752
Brunei Darussalam,BRN,2015,31164.03625
Brunei Darussalam,BRN,2016,27158.40565
Brunei Darussalam,BRN,2017,28571.60829
Brunei Darussalam,BRN,2018,31628.47626
Brunei Darussalam,BRN,2019,31085.96189
Brunei Darussalam,BRN,2020,27466.33964
Bhutan,BTN,2010,2258.186435
Bhutan,BTN,2011,2563.261224
Bhutan,BTN,2012,2538.949519
Bhutan,BTN,2013,2472.724753
Bhutan,BTN,2014,2652.225654
Bhutan,BTN,2015,2752.630172
Bhutan,BTN,2016,2930.574923
Bhutan,BTN,2017,3286.596744
Bhutan,BTN,2018,3243.477437
Bhutan,BTN,2019,3316.167022
Bhutan,BTN,2020,3122.376062
Botswana,BWA,2010,6434.812485
Botswana,BWA,2011,7617.310041
Botswana,BWA,2012,7050.573472
Botswana,BWA,2013,7224.912737
Botswana,BWA,2014,7780.634758
Botswana,BWA,2015,6799.870178
Botswana,BWA,2016,7243.933974
Botswana,BWA,2017,7893.418671
Botswana,BWA,2018,8279.818457
Botswana,BWA,2019,7970.796968
Botswana,BWA,2020,6710.990411
Central African Republic,CAF,2010,488.4217731
Central African Republic,CAF,2011,551.7496918
Central African Republic,CAF,2012,565.8011645
Central African Republic,CAF,2013,380.2978928
Central African Republic,CAF,2014,424.449106
Central African Republic,CAF,2015,377.422919
Central African Republic,CAF,2016,402.1916349
Central African Republic,CAF,2017,450.900697
Central African Republic,CAF,2018,475.9538495
Central African Republic,CAF,2019,467.9080218
Central African Republic,CAF,2020,476.8511127
Canada,CAN,2010,47562.08343
Canada,CAN,2011,52223.69611
Canada,CAN,2012,52669.08996
Canada,CAN,2013,52635.17496
Canada,CAN,2014,50955.99832
Canada,CAN,2015,43596.13554
Canada,CAN,2016,42315.60371
Canada,CAN,2017,45129.35644
Canada,CAN,2018,46454.74339
Canada,CAN,2019,46326.67264
Canada,CAN,2020,43258.17632
Central Europe and the Baltics,CEB,2010,12606.83567
Central Europe and the Baltics,CEB,2011,13905.64417
Central Europe and the Baltics,CEB,2012,13012.84861
Central Europe and the Baltics,CEB,2013,13711.23908
Central Europe and the Baltics,CEB,2014,14152.05852
Central Europe and the Baltics,CEB,2015,12511.58156
Central Europe and the Baltics,CEB,2016,12820.40461
Central Europe and the Baltics,CEB,2017,14237.9563
Central Europe and the Baltics,CEB,2018,16033.35336
Central Europe and the Baltics,CEB,2019,16307.9582
Central Europe and the Baltics,CEB,2020,16103.4713
Switzerland,CHE,2010,77117.12601
Switzerland,CHE,2011,91254.03476
Switzerland,CHE,2012,86547.67089
Switzerland,CHE,2013,88109.48675
Switzerland,CHE,2014,89684.70758
Switzerland,CHE,2015,84776.14217
Switzerland,CHE,2016,83073.28008
Switzerland,CHE,2017,83352.08865
Switzerland,CHE,2018,86388.40495
Switzerland,CHE,2019,85334.51946
Switzerland,CHE,2020,87097.03645
Chile,CHL,2010,12808.03834
Chile,CHL,2011,14637.23344
Chile,CHL,2012,15351.54074
Chile,CHL,2013,15842.93648
Chile,CHL,2014,14670.98891
Chile,CHL,2015,13574.16924
Chile,CHL,2016,13753.59215
Chile,CHL,2017,14998.81706
Chile,CHL,2018,15888.14436
Chile,CHL,2019,14741.7144
Chile,CHL,2020,13231.70421
China,CHN,2010,4550.453108
China,CHN,2011,5618.132267
China,CHN,2012,6316.918318
China,CHN,2013,7050.646271
China,CHN,2014,7678.599486
China,CHN,2015,8066.942635
China,CHN,2016,8147.937705
China,CHN,2017,8879.438667
China,CHN,2018,9976.677137
China,CHN,2019,10216.63033
China,CHN,2020,10500.39562
Cote d'Ivoire,CIV,2010,1213.113
Cote d'Ivoire,CIV,2011,1208.583199
Cote d'Ivoire,CIV,2012,1243.273487
Cote d'Ivoire,CIV,2013,1415.871694
Cote d'Ivoire,CIV,2014,1561.464413
Cote d'Ivoire,CIV,2015,1972.545683
Cote d'Ivoire,CIV,2016,2013.381448
Cote d'Ivoire,CIV,2017,2111.026557
Cote d'Ivoire,CIV,2018,2314.050958
Cote d'Ivoire,CIV,2019,2276.332394
Cote d'Ivoire,CIV,2020,2325.723705
Cameroon,CMR,2010,1286.515888
Cameroon,CMR,2011,1405.094123
Cameroon,CMR,2012,1354.54555
Cameroon,CMR,2013,1465.63871
Cameroon,CMR,2014,1542.620606
Cameroon,CMR,2015,1327.502561
Cameroon,CMR,2016,1364.32954
Cameroon,CMR,2017,1425.106368
Cameroon,CMR,2018,1534.492241
Cameroon,CMR,2019,1507.449798
Cameroon,CMR,2020,1499.372843
"Congo, Dem. Rep.",COD,2010,334.0215777
"Congo, Dem. Rep.",COD,2011,387.082477
"Congo, Dem. Rep.",COD,2012,424.6003738
"Congo, Dem. Rep.",COD,2013,457.9637475
"Congo, Dem. Rep.",COD,2014,486.7870951
"Congo, Dem. Rep.",COD,2015,497.3170391
"Congo, Dem. Rep.",COD,2016,471.3188225
"Congo, Dem. Rep.",COD,2017,467.0742317
"Congo, Dem. Rep.",COD,2018,557.0644117
"Congo, Dem. Rep.",COD,2019,580.7168605
"Congo, Dem. Rep.",COD,2020,556.8131853
"Congo, Rep.",COG,2010,3073.557784
"Congo, Rep.",COG,2011,3557.55617
"Congo, Rep.",COG,2012,3923.093509
"Congo, Rep.",COG,2013,3883.746848
"Congo, Rep.",COG,2014,3776.485568
"Congo, Rep.",COG,2015,2447.539308
"Congo, Rep.",COG,2016,2039.453223
"Congo, Rep.",COG,2017,2173.680253
"Congo, Rep.",COG,2018,2601.410483
"Congo, Rep.",COG,2019,2359.177309
"Congo, Rep.",COG,2020,1972.545246
Colombia,COL,2010,6336.709474
Colombia,COL,2011,7335.166934
Colombia,COL,2012,8050.255372
Colombia,COL,2013,8218.347844
Colombia,COL,2014,8114.343921
Colombia,COL,2015,6175.87603
Colombia,COL,2016,5870.777957
Colombia,COL,2017,6376.706716
Colombia,COL,2018,6729.583332
Colombia,COL,2019,6424.979492
Colombia,COL,2020,5332.773524
Comoros,COM,2010,1316.491225
Comoros,COM,2011,1447.94527
Comoros,COM,2012,1403.360421
Comoros,COM,2013,1505.33722
Comoros,COM,2014,1513.83039
Comoros,COM,2015,1242.585682
Comoros,COM,2016,1273.05092
Comoros,COM,2017,1323.814958
Comoros,COM,2018,1415.955164
Comoros,COM,2019,1370.140123
Comoros,COM,2020,1402.595489
Cabo Verde,CPV,2010,3378.323433
Cabo Verde,CPV,2011,3740.374103
Cabo Verde,CPV,2012,3447.4831
Cabo Verde,CPV,2013,3616.03557
Cabo Verde,CPV,2014,3588.625584
Cabo Verde,CPV,2015,3043.031382
Cabo Verde,CPV,2016,3130.998753
Cabo Verde,CPV,2017,3292.633503
Cabo Verde,CPV,2018,3617.347445
Cabo Verde,CPV,2019,3603.775241
Cabo Verde,CPV,2020,3064.272388
Costa Rica,CRI,2010,8227.127494
Costa Rica,CRI,2011,9229.834517
Costa Rica,CRI,2012,10075.00462
Costa Rica,CRI,2013,10744.09102
Costa Rica,CRI,2014,10847.16967
Costa Rica,CRI,2015,11642.77805
Costa Rica,CRI,2016,12011.22275
Costa Rica,CRI,2017,12225.57449
Costa Rica,CRI,2018,12468.57529
Costa Rica,CRI,2019,12669.70608
Costa Rica,CRI,2020,12076.81451
Caribbean small states,CSS,2010,9253.214027
Caribbean small states,CSS,2011,9920.910166
Caribbean small states,CSS,2012,10187.30151
Caribbean small states,CSS,2013,10306.88816
Caribbean small states,CSS,2014,10377.11289
Caribbean small states,CSS,2015,10116.51995
Caribbean small states,CSS,2016,9560.194679
Caribbean small states,CSS,2017,9810.470068
Caribbean small states,CSS,2018,10250.43407
Caribbean small states,CSS,2019,10355.40768
Caribbean small states,CSS,2020,9192.767801
Cuba,CUB,2010,5730.354264
Cuba,CUB,2011,6139.718783
Cuba,CUB,2012,6497.314764
Cuba,CUB,2013,6837.71168
Cuba,CUB,2014,7133.337679
Cuba,CUB,2015,7694.014637
Cuba,CUB,2016,8060.796598
Cuba,CUB,2017,8541.213686
Cuba,CUB,2018,8824.194008
Cuba,CUB,2019,9099.673146
Curacao,CUW,2011,20146.38641
Curacao,CUW,2012,20587.39736
Curacao,CUW,2013,20462.71795
Curacao,CUW,2014,20258.00969
Curacao,CUW,2015,19951.3279
Curacao,CUW,2016,19555.36585
Curacao,CUW,2017,19457.53152
Curacao,CUW,2018,19630.89349
Curacao,CUW,2019,19701.27038
Cayman Islands,CYM,2010,73351.75677
Cayman Islands,CYM,2011,72329.66133
Cayman Islands,CYM,2012,72777.14849
Cayman Islands,CYM,2013,73514.66868
Cayman Islands,CYM,2014,74990.43322
Cayman Islands,CYM,2015,76284.19393
Cayman Islands,CYM,2016,78471.62873
Cayman Islands,CYM,2017,81513.16302
Cayman Islands,CYM,2018,86059.73922
Cayman Islands,CYM,2019,91392.64259
Cyprus,CYP,2010,31023.63833
Cyprus,CYP,2011,32396.38574
Cyprus,CYP,2012,28912.15694
Cyprus,CYP,2013,27729.1927
Cyprus,CYP,2014,27163.33297
Cyprus,CYP,2015,23408.33668
Cyprus,CYP,2016,24605.92083
Cyprus,CYP,2017,26444.07438
Cyprus,CYP,2018,29089.47133
Cyprus,CYP,2019,28288.46158
Cyprus,CYP,2020,26623.80089
Czech Republic,CZE,2010,19960.06849
Czech Republic,CZE,2011,21871.26608
Czech Republic,CZE,2012,19870.80121
Czech Republic,CZE,2013,20133.16914
Czech Republic,CZE,2014,19890.91991
Czech Republic,CZE,2015,17829.69832
Czech Republic,CZE,2016,18575.23203
Czech Republic,CZE,2017,20636.19995
Czech Republic,CZE,2018,23419.73561
Czech Republic,CZE,2019,23660.14881
Czech Republic,CZE,2020,22932.22497
Germany,DEU,2010,41531.9342
Germany,DEU,2011,46644.77603
Germany,DEU,2012,43858.36306
Germany,DEU,2013,46285.76407
Germany,DEU,2014,47959.99327
Germany,DEU,2015,41086.72967
Germany,DEU,2016,42107.51727
Germany,DEU,2017,44542.2952
Germany,DEU,2018,47950.18081
Germany,DEU,2019,46794.89929
Germany,DEU,2020,46208.42947
Djibouti,DJI,2010,1343.275125
Djibouti,DJI,2011,1451.548081
Djibouti,DJI,2012,1559.240651
Djibouti,DJI,2013,2312.720948
Djibouti,DJI,2014,2464.297678
Djibouti,DJI,2015,2658.964207
Djibouti,DJI,2016,2802.181971
Djibouti,DJI,2017,2914.374595
Djibouti,DJI,2018,3141.879389
Djibouti,DJI,2019,3414.935393
Djibouti,DJI,2020,3425.50345
Dominica,DMA,2010,6967.364955
Dominica,DMA,2011,7065.460372
Dominica,DMA,2012,6849.455933
Dominica,DMA,2013,7016.380071
Dominica,DMA,2014,7317.486143
Dominica,DMA,2015,7597.288894
Dominica,DMA,2016,8080.968623
Dominica,DMA,2017,7274.517731
Dominica,DMA,2018,7693.771453
Dominica,DMA,2019,8001.997095
Dominica,DMA,2020,6526.793215
Denmark,DNK,2010,58041.39844
Denmark,DNK,2011,61753.64713
Denmark,DNK,2012,58507.50805
Denmark,DNK,2013,61191.1937
Denmark,DNK,2014,62548.98473
Denmark,DNK,2015,53254.85637
Denmark,DNK,2016,54663.99837
Denmark,DNK,2017,57610.09818
Denmark,DNK,2018,61591.92887
Denmark,DNK,2019,59775.7351
Denmark,DNK,2020,61063.31643
Dominican Republic,DOM,2010,5555.392014
Dominican Republic,DOM,2011,5913.426649
Dominican Republic,DOM,2012,6110.366576
Dominican Republic,DOM,2013,6238.132367
Dominican Republic,DOM,2014,6608.825501
Dominican Republic,DOM,2015,6921.520594
Dominican Republic,DOM,2016,7280.88361
Dominican Republic,DOM,2017,7609.353275
Dominican Republic,DOM,2018,8050.644076
Dominican Republic,DOM,2019,8282.117131
Dominican Republic,DOM,2020,7268.19691
Algeria,DZA,2010,4480.787439
Algeria,DZA,2011,5455.67903
Algeria,DZA,2012,5592.220115
Algeria,DZA,2013,5499.587331
Algeria,DZA,2014,5493.056663
Algeria,DZA,2015,4177.886892
Algeria,DZA,2016,3946.452425
Algeria,DZA,2017,4109.703442
Algeria,DZA,2018,4153.956234
Algeria,DZA,2019,3975.508993
Algeria,DZA,2020,3310.386534
East Asia & Pacific (excluding high income),EAP,2010,4003.997163
East Asia & Pacific (excluding high income),EAP,2011,4852.566116
East Asia & Pacific (excluding high income),EAP,2012,5372.089949
East Asia & Pacific (excluding high income),EAP,2013,5886.701367
East Asia & Pacific (excluding high income),EAP,2014,6299.480953
East Asia & Pacific (excluding high income),EAP,2015,6514.866345
East Asia & Pacific (excluding high income),EAP,2016,6605.25392
East Asia & Pacific (excluding high income),EAP,2017,7168.111007
East Asia & Pacific (excluding high income),EAP,2018,7962.989944
East Asia & Pacific (excluding high income),EAP,2019,8189.020316
East Asia & Pacific (excluding high income),EAP,2020,8286.438787
Early-demographic dividend,EAR,2010,2929.664148
Early-demographic dividend,EAR,2011,3234.043473
Early-demographic dividend,EAR,2012,3342.804304
Early-demographic dividend,EAR,2013,3356.000249
Early-demographic dividend,EAR,2014,3424.03534
Early-demographic dividend,EAR,2015,3213.078444
Early-demographic dividend,EAR,2016,3244.234042
Early-demographic dividend,EAR,2017,3459.713344
Early-demographic dividend,EAR,2018,3432.891607
Early-demographic dividend,EAR,2019,3485.604626
Early-demographic dividend,EAR,2020,3168.141819
East Asia & Pacific,EAS,2010,7722.482553
East Asia & Pacific,EAS,2011,8889.221192
East Asia & Pacific,EAS,2012,9444.599259
East Asia & Pacific,EAS,2013,9486.569822
East Asia & Pacific,EAS,2014,9717.220548
East Asia & Pacific,EAS,2015,9615.423201
East Asia & Pacific,EAS,2016,9886.903947
East Asia & Pacific,EAS,2017,10491.10612
East Asia & Pacific,EAS,2018,11349.35537
East Asia & Pacific,EAS,2019,11532.27544
East Asia & Pacific,EAS,2020,11495.40995
Europe & Central Asia (excluding high income),ECA,2010,7815.679282
Europe & Central Asia (excluding high income),ECA,2011,9601.425309
Europe & Central Asia (excluding high income),ECA,2012,10121.83497
Europe & Central Asia (excluding high income),ECA,2013,10689.03919
Europe & Central Asia (excluding high income),ECA,2014,9916.756704
Europe & Central Asia (excluding high income),ECA,2015,7546.232996
Europe & Central Asia (excluding high income),ECA,2016,7177.772237
Europe & Central Asia (excluding high income),ECA,2017,8018.714138
Europe & Central Asia (excluding high income),ECA,2018,8206.596661
Europe & Central Asia (excluding high income),ECA,2019,8337.857422
Europe & Central Asia (excluding high income),ECA,2020,7656.593919
Europe & Central Asia,ECS,2010,23641.2205
Europe & Central Asia,ECS,2011,26141.01068
Europe & Central Asia,ECS,2012,25099.47492
Europe & Central Asia,ECS,2013,26102.893
Europe & Central Asia,ECS,2014,26335.22387
Europe & Central Asia,ECS,2015,22583.85144
Europe & Central Asia,ECS,2016,22404.90314
Europe & Central Asia,ECS,2017,23623.12496
Europe & Central Asia,ECS,2018,25237.84333
Europe & Central Asia,ECS,2019,24842.02393
Europe & Central Asia,ECS,2020,23877.79463
Ecuador,ECU,2010,4633.591284
Ecuador,ECU,2011,5200.555108
Ecuador,ECU,2012,5682.046108
Ecuador,ECU,2013,6056.331213
Ecuador,ECU,2014,6377.093929
Ecuador,ECU,2015,6124.490887
Ecuador,ECU,2016,6060.092962
Ecuador,ECU,2017,6213.503127
Ecuador,ECU,2018,6295.934662
Ecuador,ECU,2019,6222.524653
Ecuador,ECU,2020,5600.389615
"Egypt, Arab Rep.",EGY,2010,2645.968759
"Egypt, Arab Rep.",EGY,2011,2791.810766
"Egypt, Arab Rep.",EGY,2012,3229.68563
"Egypt, Arab Rep.",EGY,2013,3262.657586
"Egypt, Arab Rep.",EGY,2014,3379.557986
"Egypt, Arab Rep.",EGY,2015,3562.932658
"Egypt, Arab Rep.",EGY,2016,3519.87324
"Egypt, Arab Rep.",EGY,2017,2444.290387
"Egypt, Arab Rep.",EGY,2018,2537.125185
"Egypt, Arab Rep.",EGY,2019,3019.092283
"Egypt, Arab Rep.",EGY,2020,3547.870848
Euro area,EMU,2010,37559.3605
Euro area,EMU,2011,40601.98371
Euro area,EMU,2012,37590.09548
Euro area,EMU,2013,39099.63802
Euro area,EMU,2014,39853.06477
Euro area,EMU,2015,34366.43432
Euro area,EMU,2016,35134.71691
Euro area,EMU,2017,37058.08226
Euro area,EMU,2018,40038.27489
Euro area,EMU,2019,39168.66307
Euro area,EMU,2020,37938.51812
Eritrea,ERI,2010,501.355317
Eritrea,ERI,2011,642.5082588
Spain,ESP,2010,30502.71971
Spain,ESP,2011,31636.44631
Spain,ESP,2012,28324.42934
Spain,ESP,2013,29059.54795
Spain,ESP,2014,29461.55033
Spain,ESP,2015,25732.01836
Spain,ESP,2016,26505.34322
Spain,ESP,2017,28100.58624
Spain,ESP,2018,30349.7521
Spain,ESP,2019,29555.3157
Spain,ESP,2020,27063.19392
Estonia,EST,2010,14663.04461
Estonia,EST,2011,17464.92008
Estonia,EST,2012,17404.2008
Estonia,EST,2013,19050.58592
Estonia,EST,2014,20234.11742
Estonia,EST,2015,17395.04062
Estonia,EST,2016,18282.92339
Estonia,EST,2017,20387.28315
Estonia,EST,2018,23052.30126
Estonia,EST,2019,23397.12001
Estonia,EST,2020,23027.027
Ethiopia,ETH,2010,341.5541227
Ethiopia,ETH,2011,354.4795719
Ethiopia,ETH,2012,467.0778718
Ethiopia,ETH,2013,499.5315302
Ethiopia,ETH,2014,566.9264029
Ethiopia,ETH,2015,640.5419231
Ethiopia,ETH,2016,717.1248698
Ethiopia,ETH,2017,768.5230154
Ethiopia,ETH,2018,771.5248663
Ethiopia,ETH,2019,855.7608852
Ethiopia,ETH,2020,936.3404611
European Union,EUU,2010,32932.74099
European Union,EUU,2011,35711.36181
European Union,EUU,2012,33151.63211
European Union,EUU,2013,34559.5394
European Union,EUU,2014,35238.13978
European Union,EUU,2015,30466.30022
European Union,EUU,2016,31162.27355
European Union,EUU,2017,33018.14294
European Union,EUU,2018,35734.7629
European Union,EUU,2019,35060.74641
European Union,EUU,2020,34114.89528
Fragile and conflict affected situations,FCS,2010,1983.064506
Fragile and conflict affected situations,FCS,2011,1963.444396
Fragile and conflict affected situations,FCS,2012,2204.406652
Fragile and conflict affected situations,FCS,2013,2265.68946
Fragile and conflict affected situations,FCS,2014,2401.917851
Fragile and conflict affected situations,FCS,2015,1870.607153
Fragile and conflict affected situations,FCS,2016,1664.827948
Fragile and conflict affected situations,FCS,2017,1665.603536
Fragile and conflict affected situations,FCS,2018,1744.874523
Fragile and conflict affected situations,FCS,2019,1818.83723
Fragile and conflict affected situations,FCS,2020,1609.247467
Finland,FIN,2010,46459.97325
Finland,FIN,2011,51081.99767
Finland,FIN,2012,47710.79022
Finland,FIN,2013,49878.04324
Finland,FIN,2014,50260.29986
Finland,FIN,2015,42784.69836
Finland,FIN,2016,43784.28396
Finland,FIN,2017,46297.49635
Finland,FIN,2018,49964.49991
Finland,FIN,2019,48678.31413
Finland,FIN,2020,48773.28117
Fiji,FJI,2010,3652.535933
Fiji,FJI,2011,4371.447385
Fiji,FJI,2012,4591.577015
Fiji,FJI,2013,4840.72727
Fiji,FJI,2014,5605.609148
Fiji,FJI,2015,5390.714207
Fiji,FJI,2016,5651.272721
Fiji,FJI,2017,6101.02389
Fiji,FJI,2018,6317.437799
Fiji,FJI,2019,6175.874841
Fiji,FJI,2020,4881.526069
France,FRA,2010,40638.33525
France,FRA,2011,43790.72602
France,FRA,2012,40874.70039
France,FRA,2013,42592.93539
France,FRA,2014,43011.2631
France,FRA,2015,36638.18493
France,FRA,2016,37037.37419
France,FRA,2017,38685.25849
France,FRA,2018,41572.48501
France,FRA,2019,40578.64429
France,FRA,2020,39030.36037
Faroe Islands,FRO,2010,48541.40119
Faroe Islands,FRO,2011,52092.60338
Faroe Islands,FRO,2012,49459.71723
Faroe Islands,FRO,2013,54843.31929
Faroe Islands,FRO,2014,59433.83457
Faroe Islands,FRO,2015,52400.29728
Faroe Islands,FRO,2016,56854.10265
Faroe Islands,FRO,2017,59993.09063
Faroe Islands,FRO,2018,62918.14619
Faroe Islands,FRO,2019,64225.2649
"Micronesia, Fed. Sts.",FSM,2010,2885.305492
"Micronesia, Fed. Sts.",FSM,2011,3009.256825
"Micronesia, Fed. Sts.",FSM,2012,3131.386715
"Micronesia, Fed. Sts.",FSM,2013,2994.792394
"Micronesia, Fed. Sts.",FSM,2014,2971.512602
"Micronesia, Fed. Sts.",FSM,2015,2906.617012
"Micronesia, Fed. Sts.",FSM,2016,3014.700358
"Micronesia, Fed. Sts.",FSM,2017,3289.642117
"Micronesia, Fed. Sts.",FSM,2018,3568.291016
"Micronesia, Fed. Sts.",FSM,2019,3585.423202
Gabon,GAB,2010,8849.322608
Gabon,GAB,2011,10809.68495
Gabon,GAB,2012,9813.505747
Gabon,GAB,2013,9683.58162
Gabon,GAB,2014,9663.42411
Gabon,GAB,2015,7384.700704
Gabon,GAB,2016,6984.419712
Gabon,GAB,2017,7230.434912
Gabon,GAB,2018,7956.627816
Gabon,GAB,2019,7767.016979
Gabon,GAB,2020,7005.879097
United Kingdom,GBR,2010,39536.77268
United Kingdom,GBR,2011,42047.61425
United Kingdom,GBR,2012,42449.10767
United Kingdom,GBR,2013,43401.31053
United Kingdom,GBR,2014,47452.19914
United Kingdom,GBR,2015,45039.23595
United Kingdom,GBR,2016,41048.34966
United Kingdom,GBR,2017,40304.72308
United Kingdom,GBR,2018,42992.80372
United Kingdom,GBR,2019,42354.41465
United Kingdom,GBR,2020,40284.63846
Georgia,GEO,2010,3233.295943
Georgia,GEO,2011,4021.743306
Georgia,GEO,2012,4421.818242
Georgia,GEO,2013,4623.745725
Georgia,GEO,2014,4739.188338
Georgia,GEO,2015,4014.185944
Georgia,GEO,2016,4062.169888
Georgia,GEO,2017,4357.000936
Georgia,GEO,2018,4722.787783
Georgia,GEO,2019,4697.983652
Georgia,GEO,2020,4278.860771
Ghana,GHA,2010,1299.345212
Ghana,GHA,2011,1549.462719
Ghana,GHA,2012,1587.560932
Ghana,GHA,2013,2361.090324
Ghana,GHA,2014,1899.668336
Ghana,GHA,2015,1705.575082
Ghana,GHA,2016,1913.473536
Ghana,GHA,2017,2020.68179
Ghana,GHA,2018,2194.232477
Ghana,GHA,2019,2210.355923
Ghana,GHA,2020,2328.534642
Guinea,GIN,2010,672.4249304
Guinea,GIN,2011,651.1361134
Guinea,GIN,2012,717.0505359
Guinea,GIN,2013,769.0031667
Guinea,GIN,2014,787.2385644
Guinea,GIN,2015,769.2554754
Guinea,GIN,2016,732.2915119
Guinea,GIN,2017,855.5752706
Guinea,GIN,2018,955.1112811
Guinea,GIN,2019,1058.143368
Guinea,GIN,2020,1194.037865
"Gambia, The",GMB,2010,860.6364339
"Gambia, The",GMB,2011,762.7631177
"Gambia, The",GMB,2012,742.7776286
"Gambia, The",GMB,2013,700.5160422
"Gambia, The",GMB,2014,607.4299047
"Gambia, The",GMB,2015,660.7235712
"Gambia, The",GMB,2016,690.7804932
"Gambia, The",GMB,2017,679.7550717
"Gambia, The",GMB,2018,732.7207273
"Gambia, The",GMB,2019,777.8152452
"Gambia, The",GMB,2020,787.0064509
Guinea-Bissau,GNB,2010,558.1746681
Guinea-Bissau,GNB,2011,703.6605673
Guinea-Bissau,GNB,2012,616.375664
Guinea-Bissau,GNB,2013,634.6620391
Guinea-Bissau,GNB,2014,623.3130914
Guinea-Bissau,GNB,2015,603.3993815
Guinea-Bissau,GNB,2016,661.4578387
Guinea-Bissau,GNB,2017,738.5499449
Guinea-Bissau,GNB,2018,802.7673851
Guinea-Bissau,GNB,2019,749.453747
Guinea-Bissau,GNB,2020,727.5201717
Equatorial Guinea,GNQ,2010,17288.8426
Equatorial Guinea,GNQ,2011,21641.6939
Equatorial Guinea,GNQ,2012,21711.15159
Equatorial Guinea,GNQ,2013,20390.73727
Equatorial Guinea,GNQ,2014,19394.08066
Equatorial Guinea,GNQ,2015,11283.39805
Equatorial Guinea,GNQ,2016,9250.316493
Equatorial Guinea,GNQ,2017,9667.857801
Equatorial Guinea,GNQ,2018,10005.61679
Equatorial Guinea,GNQ,2019,8419.933336
Equatorial Guinea,GNQ,2020,7143.238705
Greece,GRC,2010,26690.60742
Greece,GRC,2011,25450.53412
Greece,GRC,2012,21915.19132
Greece,GRC,2013,21749.15248
Greece,GRC,2014,21601.7764
Greece,GRC,2015,18050.09761
Greece,GRC,2016,17885.39281
Greece,GRC,2017,18562.22943
Greece,GRC,2018,19765.99645
Greece,GRC,2019,19150.7862
Greece,GRC,2020,17676.19248
Grenada,GRD,2010,7258.166561
Grenada,GRD,2011,7291.74167
Grenada,GRD,2012,7444.089075
Grenada,GRD,2013,7789.632355
Grenada,GRD,2014,8370.040472
Grenada,GRD,2015,9096.538652
Grenada,GRD,2016,9628.172843
Grenada,GRD,2017,10152.83281
Grenada,GRD,2018,10486.37759
Grenada,GRD,2019,10815.91136
Grenada,GRD,2020,9680.175825
Greenland,GRL,2010,43988.33249
Greenland,GRL,2011,47186.98147
Greenland,GRL,2012,45936.76595
Greenland,GRL,2013,47535.58995
Greenland,GRL,2014,50484.92757
Greenland,GRL,2015,44536.40131
Greenland,GRL,2016,48181.87419
Greenland,GRL,2017,50321.36875
Greenland,GRL,2018,54470.95639
Guatemala,GTM,2010,2852.547327
Guatemala,GTM,2011,3228.045741
Guatemala,GTM,2012,3355.036919
Guatemala,GTM,2013,3522.773706
Guatemala,GTM,2014,3779.642336
Guatemala,GTM,2015,3994.636913
Guatemala,GTM,2016,4173.301666
Guatemala,GTM,2017,4454.04815
Guatemala,GTM,2018,4478.424646
Guatemala,GTM,2019,4638.634943
Guatemala,GTM,2020,4603.339617
Guam,GUM,2010,31040.0843
Guam,GUM,2011,31210.47029
Guam,GUM,2012,32908.30677
Guam,GUM,2013,33656.45357
Guam,GUM,2014,34843.20557
Guam,GUM,2015,35829.25036
Guam,GUM,2016,36214.00692
Guam,GUM,2017,36601.91988
Guam,GUM,2018,36502.38282
Guam,GUM,2019,37723.78134
Guyana,GUY,2010,4580.699136
Guyana,GUY,2011,4908.567014
Guyana,GUY,2012,5378.81197
Guyana,GUY,2013,5489.142758
Guyana,GUY,2014,5407.153711
Guyana,GUY,2015,5576.82607
Guyana,GUY,2016,5811.397924
Guyana,GUY,2017,6124.95367
Guyana,GUY,2018,6145.818743
Guyana,GUY,2019,6609.510431
Guyana,GUY,2020,6955.939217
High income,HIC,2010,39390.73245
High income,HIC,2011,42323.08394
High income,HIC,2012,42116.65257
High income,HIC,2013,42368.4861
High income,HIC,2014,43033.37801
High income,HIC,2015,40444.06812
High income,HIC,2016,41079.52233
High income,HIC,2017,42714.14739
High income,HIC,2018,45192.70403
High income,HIC,2019,45406.63377
High income,HIC,2020,43952.65564
"Hong Kong SAR, China",HKG,2010,32549.99823
"Hong Kong SAR, China",HKG,2011,35142.48793
"Hong Kong SAR, China",HKG,2012,36730.8767
"Hong Kong SAR, China",HKG,2013,38403.77771
"Hong Kong SAR, China",HKG,2014,40315.28556
"Hong Kong SAR, China",HKG,2015,42431.88828
"Hong Kong SAR, China",HKG,2016,43731.10682
"Hong Kong SAR, China",HKG,2017,46165.85651
"Hong Kong SAR, China",HKG,2018,48542.68187
"Hong Kong SAR, China",HKG,2019,48354.47337
"Hong Kong SAR, China",HKG,2020,46323.86344
Honduras,HND,2010,1904.347152
Honduras,HND,2011,2088.315547
Honduras,HND,2012,2144.342363
Honduras,HND,2013,2102.592449
Honduras,HND,2014,2206.054397
Honduras,HND,2015,2302.204411
Honduras,HND,2016,2342.584904
Honduras,HND,2017,2453.727115
Honduras,HND,2018,2510.322943
Honduras,HND,2019,2574.356751
Honduras,HND,2020,2405.732848
Heavily indebted poor countries (HIPC),HPC,2010,799.5477359
Heavily indebted poor countries (HIPC),HPC,2011,854.8701479
Heavily indebted poor countries (HIPC),HPC,2012,874.9960339
Heavily indebted poor countries (HIPC),HPC,2013,947.7746777
Heavily indebted poor countries (HIPC),HPC,2014,973.7591211
Heavily indebted poor countries (HIPC),HPC,2015,929.8430141
Heavily indebted poor countries (HIPC),HPC,2016,912.1801414
Heavily indebted poor countries (HIPC),HPC,2017,947.233117
Heavily indebted poor countries (HIPC),HPC,2018,982.7632666
Heavily indebted poor countries (HIPC),HPC,2019,987.7066737
Heavily indebted poor countries (HIPC),HPC,2020,976.1257266
Croatia,HRV,2010,13949.3265
Croatia,HRV,2011,14609.52435
Croatia,HRV,2012,13258.35985
Croatia,HRV,2013,13674.4178
Croatia,HRV,2014,13599.40978
Croatia,HRV,2015,11781.73479
Croatia,HRV,2016,12361.48383
Croatia,HRV,2017,13451.62495
Croatia,HRV,2018,15014.08502
Croatia,HRV,2019,14944.35622
Croatia,HRV,2020,13828.4695
Haiti,HTI,2010,1172.099015
Haiti,HTI,2011,1287.954058
Haiti,HTI,2012,1337.336475
Haiti,HTI,2013,1393.956085
Haiti,HTI,2014,1402.100289
Haiti,HTI,2015,1389.119779
Haiti,HTI,2016,1265.986932
Haiti,HTI,2017,1294.239628
Haiti,HTI,2018,1435.350852
Haiti,HTI,2019,1272.490699
Haiti,HTI,2020,1176.75582
Hungary,HUN,2010,13191.62126
Hungary,HUN,2011,14216.16561
Hungary,HUN,2012,12950.68652
Hungary,HUN,2013,13687.51406
Hungary,HUN,2014,14267.01215
Hungary,HUN,2015,12706.89121
Hungary,HUN,2016,13090.50673
Hungary,HUN,2017,14605.85435
Hungary,HUN,2018,16411.44111
Hungary,HUN,2019,16733.32217
Hungary,HUN,2020,15899.14828
IBRD only,IBD,2010,4521.982563
IBRD only,IBD,2011,5288.461865
IBRD only,IBD,2012,5567.74639
IBRD only,IBD,2013,5824.770745
IBRD only,IBD,2014,5965.710751
IBRD only,IBD,2015,5538.048706
IBRD only,IBD,2016,5530.836972
IBRD only,IBD,2017,6048.908087
IBRD only,IBD,2018,6366.934808
IBRD only,IBD,2019,6461.789237
IBRD only,IBD,2020,6141.175638
IDA & IBRD total,IBT,2010,3700.7431
IDA & IBRD total,IBT,2011,4301.068171
IDA & IBRD total,IBT,2012,4517.519752
IDA & IBRD total,IBT,2013,4724.883083
IDA & IBRD total,IBT,2014,4835.301693
IDA & IBRD total,IBT,2015,4492.34504
IDA & IBRD total,IBT,2016,4462.185318
IDA & IBRD total,IBT,2017,4842.751482
IDA & IBRD total,IBT,2018,5077.653446
IDA & IBRD total,IBT,2019,5142.094637
IDA & IBRD total,IBT,2020,4882.353412
IDA total,IDA,2010,1037.682586
IDA total,IDA,2011,1140.175864
IDA total,IDA,2012,1197.223758
IDA total,IDA,2013,1290.676334
IDA total,IDA,2014,1349.890202
IDA total,IDA,2015,1308.856432
IDA total,IDA,2016,1250.923699
IDA total,IDA,2017,1266.013812
IDA total,IDA,2018,1306.901308
IDA total,IDA,2019,1337.76133
IDA total,IDA,2020,1306.947649
IDA blend,IDB,2010,1534.962515
IDA blend,IDB,2011,1721.445534
IDA blend,IDB,2012,1859.740421
IDA blend,IDB,2013,1972.596895
IDA blend,IDB,2014,2068.872068
IDA blend,IDB,2015,1949.18058
IDA blend,IDB,2016,1773.844239
IDA blend,IDB,2017,1712.650913
IDA blend,IDB,2018,1747.506594
IDA blend,IDB,2019,1758.035927
IDA blend,IDB,2020,1664.260131
Indonesia,IDN,2010,3122.362673
Indonesia,IDN,2011,3643.047176
Indonesia,IDN,2012,3694.35934
Indonesia,IDN,2013,3623.927241
Indonesia,IDN,2014,3491.637491
Indonesia,IDN,2015,3331.695115
Indonesia,IDN,2016,3562.816334
Indonesia,IDN,2017,3837.578024
Indonesia,IDN,2018,3893.859578
Indonesia,IDN,2019,4135.201531
Indonesia,IDN,2020,3869.588427
IDA only,IDX,2010,788.4740631
IDA only,IDX,2011,848.0643254
IDA only,IDX,2012,863.4572641
IDA only,IDX,2013,946.7346938
IDA only,IDX,2014,986.6863761
IDA only,IDX,2015,985.1674619
IDA only,IDX,2016,987.208315
IDA only,IDX,2017,1041.588488
IDA only,IDX,2018,1085.742028
IDA only,IDX,2019,1127.588609
IDA only,IDX,2020,1129.781415
Isle of Man,IMN,2010,69767.34336
Isle of Man,IMN,2011,77349.22524
Isle of Man,IMN,2012,79148.33225
Isle of Man,IMN,2013,83357.13268
Isle of Man,IMN,2014,92334.64631
Isle of Man,IMN,2015,85126.97047
Isle of Man,IMN,2016,82197.12677
Isle of Man,IMN,2017,83477.83429
Isle of Man,IMN,2018,89112.66772
India,IND,2010,1357.563727
India,IND,2011,1458.104066
India,IND,2012,1443.882435
India,IND,2013,1449.610451
India,IND,2014,1573.885642
India,IND,2015,1605.605445
India,IND,2016,1732.554242
India,IND,2017,1980.66702
India,IND,2018,1996.915087
India,IND,2019,2100.751461
India,IND,2020,1900.70681
Ireland,IRL,2010,48607.94052
Ireland,IRL,2011,52108.83323
Ireland,IRL,2012,49028.82739
Ireland,IRL,2013,51518.3881
Ireland,IRL,2014,55525.89725
Ireland,IRL,2015,61987.551
Ireland,IRL,2016,62818.96636
Ireland,IRL,2017,69601.68388
Ireland,IRL,2018,79068.97461
Ireland,IRL,2019,80886.61574
Ireland,IRL,2020,85267.76474
"Iran, Islamic Rep.",IRN,2010,6599.660938
"Iran, Islamic Rep.",IRN,2011,7781.405801
"Iran, Islamic Rep.",IRN,2012,7927.844908
"Iran, Islamic Rep.",IRN,2013,6018.3229
"Iran, Islamic Rep.",IRN,2014,5585.525604
"Iran, Islamic Rep.",IRN,2015,4904.327315
"Iran, Islamic Rep.",IRN,2016,5253.42656
"Iran, Islamic Rep.",IRN,2017,5520.314782
"Iran, Islamic Rep.",IRN,2018,3598.483454
"Iran, Islamic Rep.",IRN,2019,3114.622753
"Iran, Islamic Rep.",IRN,2020,2282.551865
Iraq,IRQ,2010,4657.280269
Iraq,IRQ,2011,6045.494567
Iraq,IRQ,2012,6836.073995
Iraq,IRQ,2013,7076.552265
Iraq,IRQ,2014,6637.684375
Iraq,IRQ,2015,4688.318017
Iraq,IRQ,2016,4550.658638
Iraq,IRQ,2017,5076.690795
Iraq,IRQ,2018,5523.078375
Iraq,IRQ,2019,5658.492267
Iraq,IRQ,2020,4157.484495
Iceland,ISL,2010,43237.07295
Iceland,ISL,2011,47714.59223
Iceland,ISL,2012,45995.54788
Iceland,ISL,2013,49804.983
Iceland,ISL,2014,54576.74481
Iceland,ISL,2015,52951.68151
Iceland,ISL,2016,61987.92636
Iceland,ISL,2017,72010.14903
Iceland,ISL,2018,74469.80406
Iceland,ISL,2019,68941.46223
Iceland,ISL,2020,59270.18005
Israel,ISR,2010,30694.16768
Israel,ISR,2011,33610.69403
Israel,ISR,2012,32510.3453
Israel,ISR,2013,36316.47837
Israel,ISR,2014,37738.41607
Israel,ISR,2015,35813.71341
Israel,ISR,2016,37282.53056
Israel,ISR,2017,40474.66813
Israel,ISR,2018,41704.82857
Israel,ISR,2019,43588.71315
Israel,ISR,2020,43610.51623
Italy,ITA,2010,36000.52012
Italy,ITA,2011,38599.06221
Italy,ITA,2012,35053.52624
Italy,ITA,2013,35549.9747
Italy,ITA,2014,35518.41529
Italy,ITA,2015,30230.2263
Italy,ITA,2016,30939.71425
Italy,ITA,2017,32326.67421
Italy,ITA,2018,34608.6756
Italy,ITA,2019,33566.7873
Italy,ITA,2020,31676.2021
Jamaica,JAM,2010,4704.04776
Jamaica,JAM,2011,5111.465987
Jamaica,JAM,2012,5209.859264
Jamaica,JAM,2013,4989.734089
Jamaica,JAM,2014,4834.284009
Jamaica,JAM,2015,4907.927415
Jamaica,JAM,2016,4843.7499
Jamaica,JAM,2017,5070.099503
Jamaica,JAM,2018,5359.993789
Jamaica,JAM,2019,5369.498371
Jamaica,JAM,2020,4664.52915
Jordan,JOR,2010,3736.645462
Jordan,JOR,2011,3852.890025
Jordan,JOR,2012,3910.346894
Jordan,JOR,2013,4044.426869
Jordan,JOR,2014,4131.44735
Jordan,JOR,2015,4164.108769
Jordan,JOR,2016,4175.356602
Jordan,JOR,2017,4231.51828
Jordan,JOR,2018,4308.151074
Jordan,JOR,2019,4405.487109
Jordan,JOR,2020,4282.765823
Japan,JPN,2010,44968.15623
Japan,JPN,2011,48760.07895
Japan,JPN,2012,49145.28043
Japan,JPN,2013,40898.6479
Japan,JPN,2014,38475.39525
Japan,JPN,2015,34960.63938
Japan,JPN,2016,39400.73936
Japan,JPN,2017,38891.08627
Japan,JPN,2018,39808.16856
Japan,JPN,2019,40777.6087
Japan,JPN,2020,39538.87927
Kazakhstan,KAZ,2010,9070.488253
Kazakhstan,KAZ,2011,11634.0012
Kazakhstan,KAZ,2012,12386.69927
Kazakhstan,KAZ,2013,13890.63096
Kazakhstan,KAZ,2014,12807.26069
Kazakhstan,KAZ,2015,10510.77189
Kazakhstan,KAZ,2016,7714.841844
Kazakhstan,KAZ,2017,9247.581331
Kazakhstan,KAZ,2018,9812.626371
Kazakhstan,KAZ,2019,9812.595808
Kazakhstan,KAZ,2020,9055.745009
Kenya,KEN,2010,951.68778
Kenya,KEN,2011,971.6330365
Kenya,KEN,2012,1136.869893
Kenya,KEN,2013,1210.385435
Kenya,KEN,2014,1315.802225
Kenya,KEN,2015,1336.883265
Kenya,KEN,2016,1410.532025
Kenya,KEN,2017,1572.345734
Kenya,KEN,2018,1708.001428
Kenya,KEN,2019,1816.547124
Kenya,KEN,2020,1838.209968
Kyrgyz Republic,KGZ,2010,880.0377751
Kyrgyz Republic,KGZ,2011,1123.883168
Kyrgyz Republic,KGZ,2012,1177.974735
Kyrgyz Republic,KGZ,2013,1282.437162
Kyrgyz Republic,KGZ,2014,1279.769783
Kyrgyz Republic,KGZ,2015,1121.082835
Kyrgyz Republic,KGZ,2016,1120.666513
Kyrgyz Republic,KGZ,2017,1242.769643
Kyrgyz Republic,KGZ,2018,1308.139779
Kyrgyz Republic,KGZ,2019,1374.031136
Kyrgyz Republic,KGZ,2020,1173.611356
Cambodia,KHM,2010,785.5026671
Cambodia,KHM,2011,882.275614
Cambodia,KHM,2012,950.880346
Cambodia,KHM,2013,1013.420536
Cambodia,KHM,2014,1093.495976
Cambodia,KHM,2015,1162.904995
Cambodia,KHM,2016,1269.591499
Cambodia,KHM,2017,1385.260066
Cambodia,KHM,2018,1512.126989
Cambodia,KHM,2019,1643.121389
Cambodia,KHM,2020,1512.727753
Kiribati,KIR,2010,1516.76766
Kiribati,KIR,2011,1734.902397
Kiribati,KIR,2012,1788.690394
Kiribati,KIR,2013,1715.813041
Kiribati,KIR,2014,1642.822669
Kiribati,KIR,2015,1542.616968
Kiribati,KIR,2016,1584.737028
Kiribati,KIR,2017,1640.57196
Kiribati,KIR,2018,1698.329587
Kiribati,KIR,2019,1655.050693
Kiribati,KIR,2020,1670.824691
St. Kitts and Nevis,KNA,2010,15510.19915
St. Kitts and Nevis,KNA,2011,16539.76901
St. Kitts and Nevis,KNA,2012,16046.48694
St. Kitts and Nevis,KNA,2013,16685.94759
St. Kitts and Nevis,KNA,2014,18051.17903
St. Kitts and Nevis,KNA,2015,18028.97343
St. Kitts and Nevis,KNA,2016,18810.55938
St. Kitts and Nevis,KNA,2017,19158.7448
St. Kitts and Nevis,KNA,2018,19276.52127
St. Kitts and Nevis,KNA,2019,19773.46237
St. Kitts and Nevis,KNA,2020,17435.92743
"Korea, Rep.",KOR,2010,23087.22564
"Korea, Rep.",KOR,2011,25096.26388
"Korea, Rep.",KOR,2012,25466.76052
"Korea, Rep.",KOR,2013,27182.73431
"Korea, Rep.",KOR,2014,29249.57522
"Korea, Rep.",KOR,2015,28732.23108
"Korea, Rep.",KOR,2016,29288.87044
"Korea, Rep.",KOR,2017,31616.8434
"Korea, Rep.",KOR,2018,33422.94421
"Korea, Rep.",KOR,2019,31846.21823
"Korea, Rep.",KOR,2020,31489.1227
Kuwait,KWT,2010,38577.49828
Kuwait,KWT,2011,48631.7834
Kuwait,KWT,2012,51979.12069
Kuwait,KWT,2013,49388.05338
Kuwait,KWT,2014,44062.34091
Kuwait,KWT,2015,29869.55275
Kuwait,KWT,2016,27653.15762
Kuwait,KWT,2017,29759.46744
Kuwait,KWT,2018,33399.06048
Kuwait,KWT,2019,32373.25111
Latin America & Caribbean (excluding high income),LAC,2010,8504.473849
Latin America & Caribbean (excluding high income),LAC,2011,9821.029308
Latin America & Caribbean (excluding high income),LAC,2012,9674.39298
Latin America & Caribbean (excluding high income),LAC,2013,9829.36977
Latin America & Caribbean (excluding high income),LAC,2014,9775.879638
Latin America & Caribbean (excluding high income),LAC,2015,8241.120037
Latin America & Caribbean (excluding high income),LAC,2016,7930.715055
Latin America & Caribbean (excluding high income),LAC,2017,8743.84224
Latin America & Caribbean (excluding high income),LAC,2018,8395.074358
Latin America & Caribbean (excluding high income),LAC,2019,8213.078063
Latin America & Caribbean (excluding high income),LAC,2020,6733.112385
Lao PDR,LAO,2010,1140.598657
Lao PDR,LAO,2011,1378.362016
Lao PDR,LAO,2012,1581.39614
Lao PDR,LAO,2013,1825.665672
Lao PDR,LAO,2014,1998.333108
Lao PDR,LAO,2015,2134.713062
Lao PDR,LAO,2016,2308.799808
Lao PDR,LAO,2017,2423.847598
Lao PDR,LAO,2018,2542.489769
Lao PDR,LAO,2019,2544.95255
Lao PDR,LAO,2020,2630.203774
Lebanon,LBN,2010,7761.641489
Lebanon,LBN,2011,7675.30894
Lebanon,LBN,2012,7952.151239
Lebanon,LBN,2013,7933.233249
Lebanon,LBN,2014,7687.930519
Lebanon,LBN,2015,7644.545147
Lebanon,LBN,2016,7626.300196
Lebanon,LBN,2017,7792.59886
Lebanon,LBN,2018,8012.539237
Lebanon,LBN,2019,7583.699146
Lebanon,LBN,2020,4891.00147
Liberia,LBR,2010,513.4455667
Liberia,LBR,2011,596.8966353
Liberia,LBR,2012,657.9357791
Liberia,LBR,2013,721.9295456
Liberia,LBR,2014,721.1822986
Liberia,LBR,2015,710.3840166
Liberia,LBR,2016,714.6233922
Liberia,LBR,2017,698.7023587
Liberia,LBR,2018,677.3223191
Liberia,LBR,2019,621.8929536
Liberia,LBR,2020,583.2717273
Libya,LBY,2010,12064.77291
Libya,LBY,2011,5554.180053
Libya,LBY,2012,13025.27932
Libya,LBY,2013,10363.80425
Libya,LBY,2014,6466.908237
Libya,LBY,2015,4337.919139
Libya,LBY,2016,4035.196802
Libya,LBY,2017,5756.699325
Libya,LBY,2018,7877.12461
Libya,LBY,2019,7685.948132
Libya,LBY,2020,3699.228621
St. Lucia,LCA,2010,8540.07098
St. Lucia,LCA,2011,8983.743733
St. Lucia,LCA,2012,9086.387955
St. Lucia,LCA,2013,9378.985047
St. Lucia,LCA,2014,9843.308534
St. Lucia,LCA,2015,10093.61802
St. Lucia,LCA,2016,10361.58388
St. Lucia,LCA,2017,11047.44499
St. Lucia,LCA,2018,11357.82657
St. Lucia,LCA,2019,11611.09784
St. Lucia,LCA,2020,9276.117829
Latin America & Caribbean,LCN,2010,9074.405415
Latin America & Caribbean,LCN,2011,10204.05943
Latin America & Caribbean,LCN,2012,10198.20467
Latin America & Caribbean,LCN,2013,10339.76169
Latin America & Caribbean,LCN,2014,10432.98307
Latin America & Caribbean,LCN,2015,8630.986843
Latin America & Caribbean,LCN,2016,8351.83316
Latin America & Caribbean,LCN,2017,9187.383753
Latin America & Caribbean,LCN,2018,8893.376189
Latin America & Caribbean,LCN,2019,8692.727038
Latin America & Caribbean,LCN,2020,7202.581102
Least developed countries: UN classification,LDC,2010,828.3078703
Least developed countries: UN classification,LDC,2011,908.3956405
Least developed countries: UN classification,LDC,2012,934.6189925
Least developed countries: UN classification,LDC,2013,999.8769237
Least developed countries: UN classification,LDC,2014,1054.990756
Least developed countries: UN classification,LDC,2015,1013.738235
Least developed countries: UN classification,LDC,2016,989.0838959
Least developed countries: UN classification,LDC,2017,1056.269254
Least developed countries: UN classification,LDC,2018,1067.621618
Least developed countries: UN classification,LDC,2019,1097.289675
Least developed countries: UN classification,LDC,2020,1071.136325
Low income,LIC,2010,625.4200468
Low income,LIC,2011,648.3855204
Low income,LIC,2012,652.0905012
Low income,LIC,2013,694.7025289
Low income,LIC,2014,733.0746472
Low income,LIC,2015,713.8173714
Low income,LIC,2016,658.7134054
Low income,LIC,2017,663.0940085
Low income,LIC,2018,667.3655926
Low income,LIC,2019,688.2790286
Low income,LIC,2020,689.0895973
Liechtenstein,LIE,2010,141192.5347
Liechtenstein,LIE,2011,158130.4575
Liechtenstein,LIE,2012,149010.2249
Liechtenstein,LIE,2013,173030.2083
Liechtenstein,LIE,2014,178864.8519
Liechtenstein,LIE,2015,167313.2663
Liechtenstein,LIE,2016,165642.3863
Liechtenstein,LIE,2017,171253.9643
Liechtenstein,LIE,2018,180366.7152
Sri Lanka,LKA,2010,2799.648738
Sri Lanka,LKA,2011,3200.861132
Sri Lanka,LKA,2012,3350.521876
Sri Lanka,LKA,2013,3610.289363
Sri Lanka,LKA,2014,3819.25353
Sri Lanka,LKA,2015,3843.780672
Sri Lanka,LKA,2016,3886.291502
Sri Lanka,LKA,2017,4076.747003
Sri Lanka,LKA,2018,4058.803511
Sri Lanka,LKA,2019,3851.56099
Sri Lanka,LKA,2020,3682.038425
Lower middle income,LMC,2010,1801.825852
Lower middle income,LMC,2011,2020.207967
Lower middle income,LMC,2012,2087.322877
Lower middle income,LMC,2013,2093.378612
Lower middle income,LMC,2014,2145.495731
Lower middle income,LMC,2015,2074.977957
Lower middle income,LMC,2016,2134.936109
Lower middle income,LMC,2017,2266.935303
Lower middle income,LMC,2018,2264.39294
Lower middle income,LMC,2019,2352.783694
Lower middle income,LMC,2020,2200.401758
Low & middle income,LMY,2010,3538.067334
Low & middle income,LMY,2011,4144.438305
Low & middle income,LMY,2012,4358.138747
Low & middle income,LMY,2013,4565.17599
Low & middle income,LMY,2014,4660.548829
Low & middle income,LMY,2015,4369.455434
Low & middle income,LMY,2016,4340.285575
Low & middle income,LMY,2017,4707.86601
Low & middle income,LMY,2018,4929.895222
Low & middle income,LMY,2019,4998.016499
Low & middle income,LMY,2020,4745.251251
Lesotho,LSO,2010,1119.843641
Lesotho,LSO,2011,1287.269536
Lesotho,LSO,2012,1229.636232
Lesotho,LSO,2013,1166.911756
Lesotho,LSO,2014,1194.575627
Lesotho,LSO,2015,1146.064688
Lesotho,LSO,2016,1018.931093
Lesotho,LSO,2017,1102.94441
Lesotho,LSO,2018,1192.48432
Lesotho,LSO,2019,1113.37214
Lesotho,LSO,2020,861.0145481
Late-demographic dividend,LTE,2010,6188.950491
Late-demographic dividend,LTE,2011,7497.818261
Late-demographic dividend,LTE,2012,7973.238391
Late-demographic dividend,LTE,2013,8541.808216
Late-demographic dividend,LTE,2014,8812.840637
Late-demographic dividend,LTE,2015,8214.149461
Late-demographic dividend,LTE,2016,8184.507257
Late-demographic dividend,LTE,2017,9026.353641
Late-demographic dividend,LTE,2018,9842.632232
Late-demographic dividend,LTE,2019,9983.135636
Late-demographic dividend,LTE,2020,9754.888549
Lithuania,LTU,2010,11987.50841
Lithuania,LTU,2011,14376.94786
Lithuania,LTU,2012,14367.70942
Lithuania,LTU,2013,15729.65247
Lithuania,LTU,2014,16551.0182
Lithuania,LTU,2015,14258.22933
Lithuania,LTU,2016,14998.12506
Lithuania,LTU,2017,16843.69965
Lithuania,LTU,2018,19166.81227
Lithuania,LTU,2019,19555.21107
Lithuania,LTU,2020,19997.59253
Luxembourg,LUX,2010,104965.3061
Luxembourg,LUX,2011,115761.5077
Luxembourg,LUX,2012,106749.0136
Luxembourg,LUX,2013,113625.1329
Luxembourg,LUX,2014,118823.6484
Luxembourg,LUX,2015,101376.4966
Luxembourg,LUX,2016,104278.391
Luxembourg,LUX,2017,107361.3069
Luxembourg,LUX,2018,116597.2956
Luxembourg,LUX,2019,114685.1684
Luxembourg,LUX,2020,115873.6026
Latvia,LVA,2010,11379.79806
Latvia,LVA,2011,13776.08878
Latvia,LVA,2012,13923.47398
Latvia,LVA,2013,15122.73528
Latvia,LVA,2014,15713.53697
Latvia,LVA,2015,13774.60527
Latvia,LVA,2016,14315.79289
Latvia,LVA,2017,15643.48563
Latvia,LVA,2018,17849.5593
Latvia,LVA,2019,17794.47862
Latvia,LVA,2020,17619.95239
"Macao SAR, China",MAC,2010,52473.19099
"Macao SAR, China",MAC,2011,66891.28197
"Macao SAR, China",MAC,2012,76572.15179
"Macao SAR, China",MAC,2013,89260.7571
"Macao SAR, China",MAC,2014,93022.87514
"Macao SAR, China",MAC,2015,74839.33204
"Macao SAR, China",MAC,2016,73569.43369
"Macao SAR, China",MAC,2017,81044.88998
"Macao SAR, China",MAC,2018,87554.71386
"Macao SAR, China",MAC,2019,86117.65543
Morocco,MAR,2010,2839.92612
Morocco,MAR,2011,3046.947854
Morocco,MAR,2012,2912.658275
Morocco,MAR,2013,3121.680081
Morocco,MAR,2014,3171.699192
Morocco,MAR,2015,2875.257985
Morocco,MAR,2016,2896.722196
Morocco,MAR,2017,3035.454433
Morocco,MAR,2018,3226.982794
Morocco,MAR,2019,3230.409722
Morocco,MAR,2020,3009.24946
Monaco,MCO,2010,150737.8925
Monaco,MCO,2011,169016.1961
Monaco,MCO,2012,157520.2194
Monaco,MCO,2013,177673.7454
Monaco,MCO,2014,189432.37
Monaco,MCO,2015,165989.5051
Monaco,MCO,2016,170028.6557
Monaco,MCO,2017,167517.0597
Monaco,MCO,2018,185978.6093
Monaco,MCO,2019,190512.7374
Moldova,MDA,2010,2437.529978
Moldova,MDA,2011,2942.255949
Moldova,MDA,2012,3045.739874
Moldova,MDA,2013,3322.038436
Moldova,MDA,2014,3328.801449
Moldova,MDA,2015,2732.457113
Moldova,MDA,2016,2880.439281
Moldova,MDA,2017,3509.69345
Moldova,MDA,2018,4230.363037
Moldova,MDA,2019,4494.018403
Moldova,MDA,2020,4551.130676
Madagascar,MDG,2010,471.959197
Madagascar,MDG,2011,531.2654985
Madagascar,MDG,2012,518.1529543
Madagascar,MDG,2013,541.0660586
Madagascar,MDG,2014,530.8611206
Madagascar,MDG,2015,467.2355537
Madagascar,MDG,2016,475.9556084
Madagascar,MDG,2017,515.2933093
Madagascar,MDG,2018,518.401123
Madagascar,MDG,2019,526.2245722
Madagascar,MDG,2020,495.4904009
Maldives,MDV,2010,7076.739821
Maldives,MDV,2011,7291.465967
Maldives,MDV,2012,7265.723399
Maldives,MDV,2013,7928.476443
Maldives,MDV,2014,8499.307148
Maldives,MDV,2015,9033.459724
Maldives,MDV,2016,9209.399665
Maldives,MDV,2017,9577.702376
Maldives,MDV,2018,10276.77339
Maldives,MDV,2019,10626.43335
Maldives,MDV,2020,7455.855728
Middle East & North Africa,MEA,2010,7028.874229
Middle East & North Africa,MEA,2011,8159.105903
Middle East & North Africa,MEA,2012,8719.035009
Middle East & North Africa,MEA,2013,8482.431749
Middle East & North Africa,MEA,2014,8356.541019
Middle East & North Africa,MEA,2015,7209.637503
Middle East & North Africa,MEA,2016,7111.266918
Middle East & North Africa,MEA,2017,7254.614131
Middle East & North Africa,MEA,2018,7395.130765
Middle East & North Africa,MEA,2019,7360.953008
Middle East & North Africa,MEA,2020,6535.942655
Mexico,MEX,2010,9271.398396
Mexico,MEX,2011,10203.4213
Mexico,MEX,2012,10241.72783
Mexico,MEX,2013,10725.18359
Mexico,MEX,2014,10928.91601
Mexico,MEX,2015,9616.645558
Mexico,MEX,2016,8744.515559
Mexico,MEX,2017,9287.849587
Mexico,MEX,2018,9686.514244
Mexico,MEX,2019,9946.033829
Mexico,MEX,2020,8346.702379
Marshall Islands,MHL,2010,2846.065542
Marshall Islands,MHL,2011,3046.290071
Marshall Islands,MHL,2012,3181.6247
Marshall Islands,MHL,2013,3246.63025
Marshall Islands,MHL,2014,3185.261354
Marshall Islands,MHL,2015,3199.886846
Marshall Islands,MHL,2016,3490.998389
Marshall Islands,MHL,2017,3672.576783
Marshall Islands,MHL,2018,3793.550983
Marshall Islands,MHL,2019,4073.10983
Middle income,MIC,2010,3824.786222
Middle income,MIC,2011,4493.175313
Middle income,MIC,2012,4732.921507
Middle income,MIC,2013,4962.139483
Middle income,MIC,2014,5069.137762
Middle income,MIC,2015,4755.35979
Middle income,MIC,2016,4734.130971
Middle income,MIC,2017,5146.504264
Middle income,MIC,2018,5399.040431
Middle income,MIC,2019,5480.250809
Middle income,MIC,2020,5207.289024
North Macedonia,MKD,2010,4545.392131
North Macedonia,MKD,2011,5063.885906
North Macedonia,MKD,2012,4697.196689
North Macedonia,MKD,2013,5210.153044
North Macedonia,MKD,2014,5468.126225
North Macedonia,MKD,2015,4843.492387
North Macedonia,MKD,2016,5132.997146
North Macedonia,MKD,2017,5432.414531
North Macedonia,MKD,2018,6087.468311
North Macedonia,MKD,2019,6022.24099
North Macedonia,MKD,2020,5888.004015
Mali,MLI,2010,710.2742494
Mali,MLI,2011,837.605821
Mali,MLI,2012,778.6252695
Mali,MLI,2013,805.0339796
Mali,MLI,2014,848.279043
Mali,MLI,2015,751.4728866
Mali,MLI,2016,780.7235695
Mali,MLI,2017,830.0215153
Mali,MLI,2018,894.8047765
Mali,MLI,2019,879.1227752
Mali,MLI,2020,858.9158055
Malta,MLT,2010,21799.17426
Malta,MLT,2011,23155.55479
Malta,MLT,2012,22527.63676
Malta,MLT,2013,24771.07658
Malta,MLT,2014,26754.26845
Malta,MLT,2015,24921.60368
Malta,MLT,2016,25741.44606
Malta,MLT,2017,28250.69777
Malta,MLT,2018,30672.29224
Malta,MLT,2019,30186.19596
Malta,MLT,2020,27884.64283
Myanmar,MMR,2010,1018.13173
Myanmar,MMR,2011,1061.923411
Myanmar,MMR,2012,1035.80424
Myanmar,MMR,2013,1121.942049
Myanmar,MMR,2014,1140.76652
Myanmar,MMR,2015,1144.474341
Myanmar,MMR,2016,1158.434566
Myanmar,MMR,2017,1257.803576
Myanmar,MMR,2018,1279.089756
Myanmar,MMR,2019,1477.355368
Myanmar,MMR,2020,1400.218242
Middle East & North Africa (excluding high income),MNA,2010,3993.193372
Middle East & North Africa (excluding high income),MNA,2011,4437.612733
Middle East & North Africa (excluding high income),MNA,2012,4811.196133
Middle East & North Africa (excluding high income),MNA,2013,4422.859731
Middle East & North Africa (excluding high income),MNA,2014,4273.622004
Middle East & North Africa (excluding high income),MNA,2015,3766.083356
Middle East & North Africa (excluding high income),MNA,2016,3760.793758
Middle East & North Africa (excluding high income),MNA,2017,3647.173062
Middle East & North Africa (excluding high income),MNA,2018,3360.10326
Middle East & North Africa (excluding high income),MNA,2019,3365.511871
Middle East & North Africa (excluding high income),MNA,2020,2942.09424
Montenegro,MNE,2010,6688.4824
Montenegro,MNE,2011,7328.932252
Montenegro,MNE,2012,6586.721279
Montenegro,MNE,2013,7189.295425
Montenegro,MNE,2014,7388.147794
Montenegro,MNE,2015,6517.163752
Montenegro,MNE,2016,7033.604899
Montenegro,MNE,2017,7803.411137
Montenegro,MNE,2018,8850.094631
Montenegro,MNE,2019,8910.651554
Montenegro,MNE,2020,7686.092949
Mongolia,MNG,2010,2643.287083
Mongolia,MNG,2011,3757.565415
Mongolia,MNG,2012,4351.888461
Mongolia,MNG,2013,4366.089537
Mongolia,MNG,2014,4158.521471
Mongolia,MNG,2015,3918.587015
Mongolia,MNG,2016,3660.151944
Mongolia,MNG,2017,3669.406934
Mongolia,MNG,2018,4134.979372
Mongolia,MNG,2019,4339.844625
Mongolia,MNG,2020,4007.308885
Northern Mariana Islands,MNP,2010,14804.24673
Northern Mariana Islands,MNP,2011,13496.75078
Northern Mariana Islands,MNP,2012,13736.97197
Northern Mariana Islands,MNP,2013,14091.19118
Northern Mariana Islands,MNP,2014,15044.9359
Northern Mariana Islands,MNP,2015,16314.38355
Northern Mariana Islands,MNP,2016,21891.18479
Northern Mariana Islands,MNP,2017,27584.74351
Northern Mariana Islands,MNP,2018,22886.67405
Northern Mariana Islands,MNP,2019,20659.64029
Mozambique,MOZ,2010,471.9043433
Mozambique,MOZ,2011,594.5861471
Mozambique,MOZ,2012,657.6446765
Mozambique,MOZ,2013,664.0775104
Mozambique,MOZ,2014,673.969212
Mozambique,MOZ,2015,589.85905
Mozambique,MOZ,2016,428.9266729
Mozambique,MOZ,2017,461.4150941
Mozambique,MOZ,2018,503.3179252
Mozambique,MOZ,2019,503.5706566
Mozambique,MOZ,2020,448.6074536
Mauritania,MRT,2010,1610.921603
Mauritania,MRT,2011,1879.772472
Mauritania,MRT,2012,1815.218939
Mauritania,MRT,2013,1892.094
Mauritania,MRT,2014,1677.109019
Mauritania,MRT,2015,1524.071753
Mauritania,MRT,2016,1536.854888
Mauritania,MRT,2017,1577.86437
Mauritania,MRT,2018,1601.291932
Mauritania,MRT,2019,1679.442605
Mauritania,MRT,2020,1672.923535
Mauritius,MUS,2010,8000.376432
Mauritius,MUS,2011,9197.042991
Mauritius,MUS,2012,9291.236379
Mauritius,MUS,2013,9637.015729
Mauritius,MUS,2014,10153.93269
Mauritius,MUS,2015,9260.447303
Mauritius,MUS,2016,9681.623107
Mauritius,MUS,2017,10484.90583
Mauritius,MUS,2018,11208.3273
Mauritius,MUS,2019,11097.58693
Mauritius,MUS,2020,8622.675515
Malawi,MWI,2010,478.6686885
Malawi,MWI,2011,534.9510502
Malawi,MWI,2012,391.5617052
Malawi,MWI,2013,348.4298737
Malawi,MWI,2014,371.2695217
Malawi,MWI,2015,380.5969877
Malawi,MWI,2016,315.7779871
Malawi,MWI,2017,497.3104097
Malawi,MWI,2018,535.3513457
Malawi,MWI,2019,583.1102036
Malawi,MWI,2020,625.2941292
Malaysia,MYS,2010,9040.568495
Malaysia,MYS,2011,10399.37021
Malaysia,MYS,2012,10817.43171
Malaysia,MYS,2013,10970.1043
Malaysia,MYS,2014,11319.06194
Malaysia,MYS,2015,9955.242722
Malaysia,MYS,2016,9817.78709
Malaysia,MYS,2017,10259.30481
Malaysia,MYS,2018,11377.6542
Malaysia,MYS,2019,11414.20269
Malaysia,MYS,2020,10401.79401
North America,NAC,2010,48387.21093
North America,NAC,2011,50123.85358
North America,NAC,2012,51717.78701
North America,NAC,2013,53068.03255
North America,NAC,2014,54648.01934
North America,NAC,2015,55542.96607
North America,NAC,2016,56451.5175
North America,NAC,2017,58605.34429
North America,NAC,2018,61381.71985
North America,NAC,2019,63341.78364
North America,NAC,2020,61454.84677
Namibia,NAM,2010,5394.996711
Namibia,NAM,2011,5806.748245
Namibia,NAM,2012,5942.29274
Namibia,NAM,2013,5392.09494
Namibia,NAM,2014,5469.901401
Namibia,NAM,2015,4896.61526
Namibia,NAM,2016,4546.986687
Namibia,NAM,2017,5367.114673
Namibia,NAM,2018,5587.985613
Namibia,NAM,2019,5037.342629
Namibia,NAM,2020,4211.050929
Niger,NER,2010,476.8695322
Niger,NER,2011,512.595335
Niger,NER,2012,529.7444581
Niger,NER,2013,552.569139
Niger,NER,2014,564.5967488
Niger,NER,2015,484.2386326
Niger,NER,2016,498.1053379
Niger,NER,2017,517.9770442
Niger,NER,2018,572.4301385
Niger,NER,2019,553.8949553
Niger,NER,2020,565.0613331
Nigeria,NGA,2010,2280.437337
Nigeria,NGA,2011,2487.598017
Nigeria,NGA,2012,2723.822191
Nigeria,NGA,2013,2961.549422
Nigeria,NGA,2014,3098.985791
Nigeria,NGA,2015,2687.480056
Nigeria,NGA,2016,2176.002772
Nigeria,NGA,2017,1968.565398
Nigeria,NGA,2018,2027.778549
Nigeria,NGA,2019,2229.858652
Nigeria,NGA,2020,2097.092473
Nicaragua,NIC,2010,1503.872231
Nicaragua,NIC,2011,1655.818055
Nicaragua,NIC,2012,1760.467407
Nicaragua,NIC,2013,1811.636803
Nicaragua,NIC,2014,1934.062922
Nicaragua,NIC,2015,2049.851666
Nicaragua,NIC,2016,2107.57406
Nicaragua,NIC,2017,2159.161926
Nicaragua,NIC,2018,2014.570287
Nicaragua,NIC,2019,1926.699694
Nicaragua,NIC,2020,1905.256756
Netherlands,NLD,2010,50950.03434
Netherlands,NLD,2011,54159.34661
Netherlands,NLD,2012,50073.00566
Netherlands,NLD,2013,52184.06185
Netherlands,NLD,2014,52830.17423
Netherlands,NLD,2015,45175.23189
Netherlands,NLD,2016,46007.85292
Netherlands,NLD,2017,48554.99228
Netherlands,NLD,2018,53018.62936
Netherlands,NLD,2019,52476.27325
Netherlands,NLD,2020,52397.11671
Norway,NOR,2010,87693.79007
Norway,NOR,2011,100600.5624
Norway,NOR,2012,101524.1419
Norway,NOR,2013,102913.4508
Norway,NOR,2014,97019.18275
Norway,NOR,2015,74355.51586
Norway,NOR,2016,70460.56053
Norway,NOR,2017,75496.75406
Norway,NOR,2018,82267.80932
Norway,NOR,2019,75826.08188
Norway,NOR,2020,67389.91205
Nepal,NPL,2010,592.4012071
Nepal,NPL,2011,799.5833769
Nepal,NPL,2012,804.1416073
Nepal,NPL,2013,823.3598746
Nepal,NPL,2014,844.8531248
Nepal,NPL,2015,901.7496077
Nepal,NPL,2016,899.523581
Nepal,NPL,2017,1048.453755
Nepal,NPL,2018,1178.525932
Nepal,NPL,2019,1194.956876
Nepal,NPL,2020,1155.142854
Nauru,NRU,2010,4752.175082
Nauru,NRU,2011,6560.27487
Nauru,NRU,2012,9562.667866
Nauru,NRU,2013,9648.495655
Nauru,NRU,2014,10171.48073
Nauru,NRU,2015,8365.07289
Nauru,NRU,2016,9555.79043
Nauru,NRU,2017,10360.77731
Nauru,NRU,2018,11614.66508
Nauru,NRU,2019,10983.22465
New Zealand,NZL,2010,33676.77412
New Zealand,NZL,2011,38387.62708
New Zealand,NZL,2012,39973.38076
New Zealand,NZL,2013,42976.64959
New Zealand,NZL,2014,44572.89875
New Zealand,NZL,2015,38630.72659
New Zealand,NZL,2016,40080.49411
New Zealand,NZL,2017,42992.89527
New Zealand,NZL,2018,43306.07
New Zealand,NZL,2019,42755.21626
New Zealand,NZL,2020,41477.94492
OECD members,OED,2010,34961.21562
OECD members,OED,2011,37415.27994
OECD members,OED,2012,37159.4861
OECD members,OED,2013,37412.16607
OECD members,OED,2014,37943.69387
OECD members,OED,2015,35593.40552
OECD members,OED,2016,36049.90764
OECD members,OED,2017,37378.929
OECD members,OED,2018,39339.00803
OECD members,OED,2019,39509.57109
OECD members,OED,2020,38093.53288
Oman,OMN,2010,18712.57015
Oman,OMN,2011,20876.58504
Oman,OMN,2012,21872.61054
Oman,OMN,2013,20865.78787
Oman,OMN,2014,20035.21731
Oman,OMN,2015,16033.46383
Oman,OMN,2016,14609.98176
Oman,OMN,2017,15127.88819
Oman,OMN,2018,16521.20623
Oman,OMN,2019,15343.0435
Other small states,OSS,2010,12378.48604
Other small states,OSS,2011,14895.98153
Other small states,OSS,2012,15212.35547
Other small states,OSS,2013,15552.76492
Other small states,OSS,2014,15752.12691
Other small states,OSS,2015,12808.34229
Other small states,OSS,2016,12403.57855
Other small states,OSS,2017,13240.29865
Other small states,OSS,2018,14399.54117
Other small states,OSS,2019,13808.44241
Other small states,OSS,2020,11809.88942
Pakistan,PAK,2010,987.409712
Pakistan,PAK,2011,1164.978823
Pakistan,PAK,2012,1198.117637
Pakistan,PAK,2013,1208.91771
Pakistan,PAK,2014,1251.175719
Pakistan,PAK,2015,1356.667831
Pakistan,PAK,2016,1368.426961
Pakistan,PAK,2017,1464.926195
Pakistan,PAK,2018,1482.213067
Pakistan,PAK,2019,1284.702047
Pakistan,PAK,2020,1193.733397
Panama,PAN,2010,8082.019584
Panama,PAN,2011,9358.261574
Panama,PAN,2012,10722.25235
Panama,PAN,2013,11889.07056
Panama,PAN,2014,12796.05753
Panama,PAN,2015,13630.32287
Panama,PAN,2016,14343.98139
Panama,PAN,2017,15146.40237
Panama,PAN,2018,15544.73352
Panama,PAN,2019,15727.97449
Panama,PAN,2020,12269.049
Peru,PER,2010,5082.353706
Peru,PER,2011,5869.323882
Peru,PER,2012,6528.971775
Peru,PER,2013,6756.752996
Peru,PER,2014,6672.877373
Peru,PER,2015,6229.100674
Peru,PER,2016,6204.996457
Peru,PER,2017,6710.507602
Peru,PER,2018,6957.793411
Peru,PER,2019,7027.612207
Peru,PER,2020,6126.87454
Philippines,PHL,2010,2217.472153
Philippines,PHL,2011,2450.735694
Philippines,PHL,2012,2694.305109
Philippines,PHL,2013,2871.429701
Philippines,PHL,2014,2959.645435
Philippines,PHL,2015,3001.043182
Philippines,PHL,2016,3073.654686
Philippines,PHL,2017,3123.245642
Philippines,PHL,2018,3252.110274
Philippines,PHL,2019,3485.340844
Philippines,PHL,2020,3298.829851
Palau,PLW,2010,10356.63362
Palau,PLW,2011,11094.83322
Palau,PLW,2012,12044.10547
Palau,PLW,2013,12561.33614
Palau,PLW,2014,13711.7617
Palau,PLW,2015,15876.46193
Palau,PLW,2016,16653.42589
Palau,PLW,2017,16065.29283
Palau,PLW,2018,15657.17715
Palau,PLW,2019,14907.77735
Papua New Guinea,PNG,2010,1949.351185
Papua New Guinea,PNG,2011,2406.910967
Papua New Guinea,PNG,2012,2790.676303
Papua New Guinea,PNG,2013,2729.888751
Papua New Guinea,PNG,2014,2920.782986
Papua New Guinea,PNG,2015,2679.346579
Papua New Guinea,PNG,2016,2509.629637
Papua New Guinea,PNG,2017,2695.249009
Papua New Guinea,PNG,2018,2801.371393
Papua New Guinea,PNG,2019,2829.167085
Papua New Guinea,PNG,2020,2636.800249
Poland,POL,2010,12613.011
Poland,POL,2011,13879.56099
Poland,POL,2012,13097.27085
Poland,POL,2013,13696.4663
Poland,POL,2014,14271.30585
Poland,POL,2015,12578.49547
Poland,POL,2016,12447.43959
Poland,POL,2017,13864.68176
Poland,POL,2018,15468.40941
Poland,POL,2019,15694.84082
Poland,POL,2020,15656.18273
Pre-demographic dividend,PRE,2010,1402.890203
Pre-demographic dividend,PRE,2011,1571.683839
Pre-demographic dividend,PRE,2012,1674.75933
Pre-demographic dividend,PRE,2013,1782.327163
Pre-demographic dividend,PRE,2014,1825.076849
Pre-demographic dividend,PRE,2015,1562.367213
Pre-demographic dividend,PRE,2016,1395.224982
Pre-demographic dividend,PRE,2017,1417.394779
Pre-demographic dividend,PRE,2018,1450.815035
Pre-demographic dividend,PRE,2019,1482.795794
Pre-demographic dividend,PRE,2020,1344.071538
Puerto Rico,PRI,2010,26435.74879
Puerto Rico,PRI,2011,27278.88305
Puerto Rico,PRI,2012,27944.73389
Puerto Rico,PRI,2013,28513.16574
Puerto Rico,PRI,2014,28981.45733
Puerto Rico,PRI,2015,29763.4883
Puerto Rico,PRI,2016,30627.1634
Puerto Rico,PRI,2017,31108.75275
Puerto Rico,PRI,2018,31604.70151
Puerto Rico,PRI,2019,32850.54861
Puerto Rico,PRI,2020,32290.92114
Portugal,PRT,2010,22498.69086
Portugal,PRT,2011,23186.91313
Portugal,PRT,2012,20564.88986
Portugal,PRT,2013,21647.04181
Portugal,PRT,2014,22074.30076
Portugal,PRT,2015,19242.36647
Portugal,PRT,2016,19978.40121
Portugal,PRT,2017,21437.3475
Portugal,PRT,2018,23551.04829
Portugal,PRT,2019,23284.52723
Portugal,PRT,2020,22437.07801
Paraguay,PRY,2010,4359.428415
Paraguay,PRY,2011,5329.387437
Paraguay,PRY,2012,5185.141549
Paraguay,PRY,2013,5936.975959
Paraguay,PRY,2014,6118.31811
Paraguay,PRY,2015,5413.776021
Paraguay,PRY,2016,5324.609068
Paraguay,PRY,2017,5678.869972
Paraguay,PRY,2018,5782.78455
Paraguay,PRY,2019,5380.963322
Paraguay,PRY,2020,4949.7497
West Bank and Gaza,PSE,2010,2557.075624
West Bank and Gaza,PSE,2011,2880.798437
West Bank and Gaza,PSE,2012,3067.438727
West Bank and Gaza,PSE,2013,3315.297539
West Bank and Gaza,PSE,2014,3352.112595
West Bank and Gaza,PSE,2015,3272.154324
West Bank and Gaza,PSE,2016,3527.613824
West Bank and Gaza,PSE,2017,3620.360487
West Bank and Gaza,PSE,2018,3562.330943
West Bank and Gaza,PSE,2019,3656.858271
West Bank and Gaza,PSE,2020,3239.731108
Pacific island small states,PSS,2010,2965.36361
Pacific island small states,PSS,2011,3440.720461
Pacific island small states,PSS,2012,3608.92391
Pacific island small states,PSS,2013,3702.149345
Pacific island small states,PSS,2014,3970.784808
Pacific island small states,PSS,2015,3832.438806
Pacific island small states,PSS,2016,3962.439848
Pacific island small states,PSS,2017,4220.736436
Pacific island small states,PSS,2018,4336.985308
Pacific island small states,PSS,2019,4268.838313
Pacific island small states,PSS,2020,3626.290589
Post-demographic dividend,PST,2010,39641.70536
Post-demographic dividend,PST,2011,42456.70474
Post-demographic dividend,PST,2012,42231.40052
Post-demographic dividend,PST,2013,42459.00458
Post-demographic dividend,PST,2014,43135.27197
Post-demographic dividend,PST,2015,40669.47765
Post-demographic dividend,PST,2016,41414.14202
Post-demographic dividend,PST,2017,42998.8964
Post-demographic dividend,PST,2018,45451.87719
Post-demographic dividend,PST,2019,45769.58387
Post-demographic dividend,PST,2020,44343.10152
Qatar,QAT,2010,67403.08768
Qatar,QAT,2011,82409.94164
Qatar,QAT,2012,85075.98654
Qatar,QAT,2013,85050.68435
Qatar,QAT,2014,83858.34046
Qatar,QAT,2015,63039.11263
Qatar,QAT,2016,57162.96801
Qatar,QAT,2017,59124.86727
Qatar,QAT,2018,65907.94843
Qatar,QAT,2019,62087.97413
Qatar,QAT,2020,50805.46357
Romania,ROU,2010,8214.076893
Romania,ROU,2011,9099.217539
Romania,ROU,2012,8507.104775
Romania,ROU,2013,9547.852151
Romania,ROU,2014,10043.67745
Romania,ROU,2015,8969.148921
Romania,ROU,2016,9548.587403
Romania,ROU,2017,10807.00917
Romania,ROU,2018,12398.98198
Romania,ROU,2019,12889.80961
Romania,ROU,2020,12896.08862
Russian Federation,RUS,2010,10674.99578
Russian Federation,RUS,2011,14311.08432
Russian Federation,RUS,2012,15420.87454
Russian Federation,RUS,2013,15974.64463
Russian Federation,RUS,2014,14095.64874
Russian Federation,RUS,2015,9313.013625
Russian Federation,RUS,2016,8704.898413
Russian Federation,RUS,2017,10720.33266
Russian Federation,RUS,2018,11287.35528
Russian Federation,RUS,2019,11497.64925
Russian Federation,RUS,2020,10126.72179
Rwanda,RWA,2010,609.724917
Rwanda,RWA,2011,668.4946722
Rwanda,RWA,2012,725.1697703
Rwanda,RWA,2013,722.8943285
Rwanda,RWA,2014,743.559038
Rwanda,RWA,2015,751.0773926
Rwanda,RWA,2016,744.7607488
Rwanda,RWA,2017,772.3169891
Rwanda,RWA,2018,783.6371628
Rwanda,RWA,2019,820.1492886
Rwanda,RWA,2020,797.8555543
South Asia,SAS,2010,1257.499445
South Asia,SAS,2011,1368.944608
South Asia,SAS,2012,1366.115421
South Asia,SAS,2013,1383.560005
South Asia,SAS,2014,1496.00791
South Asia,SAS,2015,1543.489948
South Asia,SAS,2016,1652.196
South Asia,SAS,2017,1867.505482
South Asia,SAS,2018,1894.169093
South Asia,SAS,2019,1959.342256
South Asia,SAS,2020,1804.917623
Saudi Arabia,SAU,2010,19262.5476
Saudi Arabia,SAU,2011,23745.88058
Saudi Arabia,SAU,2012,25243.602
Saudi Arabia,SAU,2013,24845.12466
Saudi Arabia,SAU,2014,24464.21256
Saudi Arabia,SAU,2015,20627.92693
Saudi Arabia,SAU,2016,19878.76384
Saudi Arabia,SAU,2017,20802.46631
Saudi Arabia,SAU,2018,23337.01755
Saudi Arabia,SAU,2019,23139.79798
Saudi Arabia,SAU,2020,20110.31619
Sudan,SDN,2010,1489.874087
Sudan,SDN,2011,1437.779831
Sudan,SDN,2012,1332.914187
Sudan,SDN,2013,1381.489462
Sudan,SDN,2014,1625.463728
Sudan,SDN,2015,1656.905841
Sudan,SDN,2016,1325.156019
Sudan,SDN,2017,1103.000026
Sudan,SDN,2018,825.8689411
Sudan,SDN,2019,753.2821741
Sudan,SDN,2020,595.467833
Senegal,SEN,2010,1271.583281
Senegal,SEN,2011,1366.774501
Senegal,SEN,2012,1317.779802
Senegal,SEN,2013,1372.665779
Senegal,SEN,2014,1396.657339
Senegal,SEN,2015,1219.249415
Senegal,SEN,2016,1269.903294
Senegal,SEN,2017,1361.701972
Senegal,SEN,2018,1458.069093
Senegal,SEN,2019,1430.148259
Senegal,SEN,2020,1487.757309
Singapore,SGP,2010,47236.96023
Singapore,SGP,2011,53890.42873
Singapore,SGP,2012,55546.48854
Singapore,SGP,2013,56967.42579
Singapore,SGP,2014,57562.53079
Singapore,SGP,2015,55646.61875
Singapore,SGP,2016,56848.17539
Singapore,SGP,2017,61176.45636
Singapore,SGP,2018,66679.04649
Singapore,SGP,2019,65640.70795
Singapore,SGP,2020,59797.75218
Solomon Islands,SLB,2010,1604.20583
Solomon Islands,SLB,2011,1938.891187
Solomon Islands,SLB,2012,2141.821522
Solomon Islands,SLB,2013,2248.614935
Solomon Islands,SLB,2014,2274.887866
Solomon Islands,SLB,2015,2167.119928
Solomon Islands,SLB,2016,2225.486842
Solomon Islands,SLB,2017,2332.844216
Solomon Islands,SLB,2018,2411.862926
Solomon Islands,SLB,2019,2344.231634
Solomon Islands,SLB,2020,2258.400365
Sierra Leone,SLE,2010,401.8348761
Sierra Leone,SLE,2011,448.3376621
Sierra Leone,SLE,2012,566.3782351
Sierra Leone,SLE,2013,716.8358269
Sierra Leone,SLE,2014,714.6997957
Sierra Leone,SLE,2015,588.2288628
Sierra Leone,SLE,2016,501.4151655
Sierra Leone,SLE,2017,499.3809746
Sierra Leone,SLE,2018,533.9915333
Sierra Leone,SLE,2019,527.5341745
Sierra Leone,SLE,2020,484.5212675
El Salvador,SLV,2010,2983.228806
El Salvador,SLV,2011,3266.012588
El Salvador,SLV,2012,3428.409332
El Salvador,SLV,2013,3509.528132
El Salvador,SLV,2014,3589.041296
El Salvador,SLV,2015,3705.579704
El Salvador,SLV,2016,3805.995686
El Salvador,SLV,2017,3910.255969
El Salvador,SLV,2018,4052.624775
El Salvador,SLV,2019,4167.730939
El Salvador,SLV,2020,3798.636521
San Marino,SMR,2010,60254.7763
San Marino,SMR,2011,57297.51331
San Marino,SMR,2012,49988.46363
San Marino,SMR,2013,51570.98395
San Marino,SMR,2014,50817.33082
San Marino,SMR,2015,42662.90265
San Marino,SMR,2016,43828.23246
San Marino,SMR,2017,45399.02906
San Marino,SMR,2018,48996.59225
San Marino,SMR,2019,47731.20854
Somalia,SOM,2013,297.9553578
Somalia,SOM,2014,295.2666099
Somalia,SOM,2015,293.4551719
Somalia,SOM,2016,295.9673926
Somalia,SOM,2017,309.0543803
Somalia,SOM,2018,314.542678
Somalia,SOM,2019,320.0381483
Somalia,SOM,2020,309.4154546
Serbia,SRB,2010,5735.422857
Serbia,SRB,2011,6809.159804
Serbia,SRB,2012,6015.945228
Serbia,SRB,2013,6755.073675
Serbia,SRB,2014,6600.056809
Serbia,SRB,2015,5588.980728
Serbia,SRB,2016,5765.200762
Serbia,SRB,2017,6292.543629
Serbia,SRB,2018,7252.401858
Serbia,SRB,2019,7411.558649
Serbia,SRB,2020,7666.244476
Sub-Saharan Africa (excluding high income),SSA,2010,1593.498508
Sub-Saharan Africa (excluding high income),SSA,2011,1742.019018
Sub-Saharan Africa (excluding high income),SSA,2012,1777.606336
Sub-Saharan Africa (excluding high income),SSA,2013,1841.643333
Sub-Saharan Africa (excluding high income),SSA,2014,1862.423665
Sub-Saharan Africa (excluding high income),SSA,2015,1659.220909
Sub-Saharan Africa (excluding high income),SSA,2016,1508.855304
Sub-Saharan Africa (excluding high income),SSA,2017,1564.738398
Sub-Saharan Africa (excluding high income),SSA,2018,1597.358963
Sub-Saharan Africa (excluding high income),SSA,2019,1599.592575
Sub-Saharan Africa (excluding high income),SSA,2020,1484.640636
South Sudan,SSD,2010,1535.706892
South Sudan,SSD,2011,1516.404378
South Sudan,SSD,2012,1179.739711
South Sudan,SSD,2013,1779.470365
South Sudan,SSD,2014,1322.820364
South Sudan,SSD,2015,1119.651437
Sub-Saharan Africa,SSF,2010,1594.449636
Sub-Saharan Africa,SSF,2011,1743.041449
Sub-Saharan Africa,SSF,2012,1778.589871
Sub-Saharan Africa,SSF,2013,1842.87605
Sub-Saharan Africa,SSF,2014,1863.63405
Sub-Saharan Africa,SSF,2015,1660.449109
Sub-Saharan Africa,SSF,2016,1510.112096
Sub-Saharan Africa,SSF,2017,1566.048628
Sub-Saharan Africa,SSF,2018,1598.687744
Sub-Saharan Africa,SSF,2019,1600.881015
Sub-Saharan Africa,SSF,2020,1485.500194
Small states,SST,2010,11168.49098
Small states,SST,2011,13208.0489
Small states,SST,2012,13520.64302
Small states,SST,2013,13817.62114
Small states,SST,2014,14010.7252
Small states,SST,2015,11755.34528
Small states,SST,2016,11362.50465
Small states,SST,2017,12064.02084
Small states,SST,2018,13038.10426
Small states,SST,2019,12612.72433
Small states,SST,2020,10854.98333
Sao Tome and Principe,STP,2010,1090.260763
Sao Tome and Principe,STP,2011,1254.541598
Sao Tome and Principe,STP,2012,1330.620114
Sao Tome and Principe,STP,2013,1564.768548
Sao Tome and Principe,STP,2014,1770.467688
Sao Tome and Principe,STP,2015,1584.775657
Sao Tome and Principe,STP,2016,1700.097997
Sao Tome and Principe,STP,2017,1813.807434
Sao Tome and Principe,STP,2018,1953.513257
Sao Tome and Principe,STP,2019,1987.579702
Sao Tome and Principe,STP,2020,2157.840446
Suriname,SUR,2010,8255.874872
Suriname,SUR,2011,8263.203803
Suriname,SUR,2012,9200.974786
Suriname,SUR,2013,9402.164419
Suriname,SUR,2014,9471.922001
Suriname,SUR,2015,9168.237157
Suriname,SUR,2016,5872.789429
Suriname,SUR,2017,6295.560562
Suriname,SUR,2018,6938.086981
Suriname,SUR,2019,7261.16561
Suriname,SUR,2020,6491.139065
Slovak Republic,SVK,2010,16750.79744
Slovak Republic,SVK,2011,18361.56948
Slovak Republic,SVK,2012,17481.89544
Slovak Republic,SVK,2013,18260.01577
Slovak Republic,SVK,2014,18674.34406
Slovak Republic,SVK,2015,16310.98841
Slovak Republic,SVK,2016,16508.67036
Slovak Republic,SVK,2017,17504.21134
Slovak Republic,SVK,2018,19364.6201
Slovak Republic,SVK,2019,19273.25395
Slovak Republic,SVK,2020,19156.88961
Slovenia,SVN,2010,23509.54314
Slovenia,SVN,2011,25095.13229
Slovenia,SVN,2012,22643.10025
Slovenia,SVN,2013,23496.6025
Slovenia,SVN,2014,24214.92207
Slovenia,SVN,2015,20881.76693
Slovenia,SVN,2016,21663.64341
Slovenia,SVN,2017,23455.94473
Slovenia,SVN,2018,26104.10279
Slovenia,SVN,2019,25942.95477
Slovenia,SVN,2020,25517.33067
Sweden,SWE,2010,52869.04429
Sweden,SWE,2011,60755.75955
Sweden,SWE,2012,58037.82132
Sweden,SWE,2013,61126.9432
Sweden,SWE,2014,60020.36046
Sweden,SWE,2015,51545.48361
Sweden,SWE,2016,51965.15715
Sweden,SWE,2017,53791.50873
Sweden,SWE,2018,54589.06039
Sweden,SWE,2019,51939.42974
Sweden,SWE,2020,52259.29738
Eswatini,SWZ,2010,4168.489518
Eswatini,SWZ,2011,4496.612962
Eswatini,SWZ,2012,4527.681573
Eswatini,SWZ,2013,4230.328486
Eswatini,SWZ,2014,4038.55354
Eswatini,SWZ,2015,3679.819798
Eswatini,SWZ,2016,3425.528759
Eswatini,SWZ,2017,3914.421839
Eswatini,SWZ,2018,4105.897212
Eswatini,SWZ,2019,3894.66963
Eswatini,SWZ,2020,3415.459446
Sint Maarten (Dutch part),SXM,2011,27997.28983
Sint Maarten (Dutch part),SXM,2012,28460.33262
Sint Maarten (Dutch part),SXM,2013,27942.88054
Sint Maarten (Dutch part),SXM,2014,33043.68838
Sint Maarten (Dutch part),SXM,2015,32274.89055
Sint Maarten (Dutch part),SXM,2016,31616.6817
Sint Maarten (Dutch part),SXM,2017,29369.05683
Sint Maarten (Dutch part),SXM,2018,29160.10381
Seychelles,SYC,2010,10804.68447
Seychelles,SYC,2011,12189.09516
Seychelles,SYC,2012,12006.68296
Seychelles,SYC,2013,14765.67398
Seychelles,SYC,2014,14700.33434
Seychelles,SYC,2015,14745.34146
Seychelles,SYC,2016,15068.62035
Seychelles,SYC,2017,15906.08391
Seychelles,SYC,2018,16390.82491
Seychelles,SYC,2019,16198.51748
Seychelles,SYC,2020,11425.09293
Turks and Caicos Islands,TCA,2010,21029.69563
Turks and Caicos Islands,TCA,2011,21839.00992
Turks and Caicos Islands,TCA,2012,21345.02598
Turks and Caicos Islands,TCA,2013,21715.31397
Turks and Caicos Islands,TCA,2014,23778.51913
Turks and Caicos Islands,TCA,2015,26183.88504
Turks and Caicos Islands,TCA,2016,28241.47929
Turks and Caicos Islands,TCA,2017,27545.12879
Turks and Caicos Islands,TCA,2018,29553.1367
Turks and Caicos Islands,TCA,2019,31350.86663
Turks and Caicos Islands,TCA,2020,23879.92665
Chad,TCD,2010,892.5688697
Chad,TCD,2011,984.7361305
Chad,TCD,2012,967.3529488
Chad,TCD,2013,979.8117426
Chad,TCD,2014,1020.287979
Chad,TCD,2015,776.0197523
Chad,TCD,2016,693.4497674
Chad,TCD,2017,665.9488849
Chad,TCD,2018,726.1510071
Chad,TCD,2019,709.5400432
Chad,TCD,2020,614.4651899
East Asia & Pacific (IDA & IBRD countries),TEA,2010,4049.422511
East Asia & Pacific (IDA & IBRD countries),TEA,2011,4907.543722
East Asia & Pacific (IDA & IBRD countries),TEA,2012,5432.816401
East Asia & Pacific (IDA & IBRD countries),TEA,2013,5953.112445
East Asia & Pacific (IDA & IBRD countries),TEA,2014,6370.399755
East Asia & Pacific (IDA & IBRD countries),TEA,2015,6588.031586
East Asia & Pacific (IDA & IBRD countries),TEA,2016,6679.251594
East Asia & Pacific (IDA & IBRD countries),TEA,2017,7248.229616
East Asia & Pacific (IDA & IBRD countries),TEA,2018,8051.812548
East Asia & Pacific (IDA & IBRD countries),TEA,2019,8280.234696
East Asia & Pacific (IDA & IBRD countries),TEA,2020,8378.63094
Europe & Central Asia (IDA & IBRD countries),TEC,2010,8289.886009
Europe & Central Asia (IDA & IBRD countries),TEC,2011,10017.72511
Europe & Central Asia (IDA & IBRD countries),TEC,2012,10406.48496
Europe & Central Asia (IDA & IBRD countries),TEC,2013,10973.16488
Europe & Central Asia (IDA & IBRD countries),TEC,2014,10319.43686
Europe & Central Asia (IDA & IBRD countries),TEC,2015,8008.230261
Europe & Central Asia (IDA & IBRD countries),TEC,2016,7665.383797
Europe & Central Asia (IDA & IBRD countries),TEC,2017,8553.532336
Europe & Central Asia (IDA & IBRD countries),TEC,2018,8868.02881
Europe & Central Asia (IDA & IBRD countries),TEC,2019,9002.297601
Europe & Central Asia (IDA & IBRD countries),TEC,2020,8368.476616
Togo,TGO,2010,534.0447826
Togo,TGO,2011,587.0974928
Togo,TGO,2012,571.8067239
Togo,TGO,2013,621.3988536
Togo,TGO,2014,640.9342196
Togo,TGO,2015,570.9099672
Togo,TGO,2016,803.1518934
Togo,TGO,2017,830.7452767
Togo,TGO,2018,901.5230169
Togo,TGO,2019,893.3524541
Togo,TGO,2020,914.9505826
Thailand,THA,2010,5076.339872
Thailand,THA,2011,5492.1215
Thailand,THA,2012,5860.581471
Thailand,THA,2013,6168.261356
Thailand,THA,2014,5951.883487
Thailand,THA,2015,5840.053067
Thailand,THA,2016,5993.305516
Thailand,THA,2017,6593.818352
Thailand,THA,2018,7296.879608
Thailand,THA,2019,7817.011522
Thailand,THA,2020,7189.041835
Tajikistan,TJK,2010,749.5524123
Tajikistan,TJK,2011,847.3824321
Tajikistan,TJK,2012,969.2961039
Tajikistan,TJK,2013,1048.225602
Tajikistan,TJK,2014,1104.172358
Tajikistan,TJK,2015,978.4049812
Tajikistan,TJK,2016,807.1025861
Tajikistan,TJK,2017,848.6723799
Tajikistan,TJK,2018,853.2188734
Tajikistan,TJK,2019,890.5444024
Tajikistan,TJK,2020,859.1379611
Turkmenistan,TKM,2010,4439.202128
Turkmenistan,TKM,2011,5649.962106
Turkmenistan,TKM,2012,6675.178055
Turkmenistan,TKM,2013,7304.285771
Turkmenistan,TKM,2014,7962.244925
Turkmenistan,TKM,2015,6432.685325
Turkmenistan,TKM,2016,6387.682575
Turkmenistan,TKM,2017,6587.092604
Turkmenistan,TKM,2018,6967.375043
Turkmenistan,TKM,2019,7612.03518
Latin America & the Caribbean (IDA & IBRD countries),TLA,2010,8991.087026
Latin America & the Caribbean (IDA & IBRD countries),TLA,2011,10139.62059
Latin America & the Caribbean (IDA & IBRD countries),TLA,2012,10123.72578
Latin America & the Caribbean (IDA & IBRD countries),TLA,2013,10261.55107
Latin America & the Caribbean (IDA & IBRD countries),TLA,2014,10350.15899
Latin America & the Caribbean (IDA & IBRD countries),TLA,2015,8482.600451
Latin America & the Caribbean (IDA & IBRD countries),TLA,2016,8186.540242
Latin America & the Caribbean (IDA & IBRD countries),TLA,2017,9035.982006
Latin America & the Caribbean (IDA & IBRD countries),TLA,2018,8730.546509
Latin America & the Caribbean (IDA & IBRD countries),TLA,2019,8512.739534
Latin America & the Caribbean (IDA & IBRD countries),TLA,2020,7026.635943
Timor-Leste,TLS,2010,806.4135263
Timor-Leste,TLS,2011,947.5107667
Timor-Leste,TLS,2012,1013.042872
Timor-Leste,TLS,2013,1210.03999
Timor-Leste,TLS,2014,1232.453997
Timor-Leste,TLS,2015,1332.791772
Timor-Leste,TLS,2016,1353.746815
Timor-Leste,TLS,2017,1286.406785
Timor-Leste,TLS,2018,1230.22528
Timor-Leste,TLS,2019,1560.508615
Timor-Leste,TLS,2020,1381.17566
Middle East & North Africa (IDA & IBRD countries),TMN,2010,4009.763645
Middle East & North Africa (IDA & IBRD countries),TMN,2011,4455.70709
Middle East & North Africa (IDA & IBRD countries),TMN,2012,4831.59803
Middle East & North Africa (IDA & IBRD countries),TMN,2013,4435.89208
Middle East & North Africa (IDA & IBRD countries),TMN,2014,4284.523915
Middle East & North Africa (IDA & IBRD countries),TMN,2015,3771.953509
Middle East & North Africa (IDA & IBRD countries),TMN,2016,3763.573191
Middle East & North Africa (IDA & IBRD countries),TMN,2017,3647.483076
Middle East & North Africa (IDA & IBRD countries),TMN,2018,3357.641822
Middle East & North Africa (IDA & IBRD countries),TMN,2019,3361.91299
Middle East & North Africa (IDA & IBRD countries),TMN,2020,2938.378024
Tonga,TON,2010,3527.952342
Tonga,TON,2011,4002.813771
Tonga,TON,2012,4581.783245
Tonga,TON,2013,4428.146521
Tonga,TON,2014,4354.24436
Tonga,TON,2015,4336.239603
Tonga,TON,2016,4157.877249
Tonga,TON,2017,4513.432531
Tonga,TON,2018,4740.700272
Tonga,TON,2019,4903.012138
South Asia (IDA & IBRD),TSA,2010,1257.499445
South Asia (IDA & IBRD),TSA,2011,1368.944608
South Asia (IDA & IBRD),TSA,2012,1366.115421
South Asia (IDA & IBRD),TSA,2013,1383.560005
South Asia (IDA & IBRD),TSA,2014,1496.00791
South Asia (IDA & IBRD),TSA,2015,1543.489948
South Asia (IDA & IBRD),TSA,2016,1652.196
South Asia (IDA & IBRD),TSA,2017,1867.505482
South Asia (IDA & IBRD),TSA,2018,1894.169093
South Asia (IDA & IBRD),TSA,2019,1959.342256
South Asia (IDA & IBRD),TSA,2020,1804.917623
Sub-Saharan Africa (IDA & IBRD countries),TSS,2010,1594.449636
Sub-Saharan Africa (IDA & IBRD countries),TSS,2011,1743.041449
Sub-Saharan Africa (IDA & IBRD countries),TSS,2012,1778.589871
Sub-Saharan Africa (IDA & IBRD countries),TSS,2013,1842.87605
Sub-Saharan Africa (IDA & IBRD countries),TSS,2014,1863.63405
Sub-Saharan Africa (IDA & IBRD countries),TSS,2015,1660.449109
Sub-Saharan Africa (IDA & IBRD countries),TSS,2016,1510.112096
Sub-Saharan Africa (IDA & IBRD countries),TSS,2017,1566.048628
Sub-Saharan Africa (IDA & IBRD countries),TSS,2018,1598.687744
Sub-Saharan Africa (IDA & IBRD countries),TSS,2019,1600.881015
Sub-Saharan Africa (IDA & IBRD countries),TSS,2020,1485.500194
Trinidad and Tobago,TTO,2010,16683.39306
Trinidad and Tobago,TTO,2011,19034.12071
Trinidad and Tobago,TTO,2012,19157.45977
Trinidad and Tobago,TTO,2013,20143.54541
Trinidad and Tobago,TTO,2014,20270.93377
Trinidad and Tobago,TTO,2015,18214.46062
Trinidad and Tobago,TTO,2016,16250.62869
Trinidad and Tobago,TTO,2017,16173.74005
Trinidad and Tobago,TTO,2018,17037.86236
Trinidad and Tobago,TTO,2019,16637.16294
Trinidad and Tobago,TTO,2020,15384.03946
Tunisia,TUN,2010,4141.975964
Tunisia,TUN,2011,4264.678122
Tunisia,TUN,2012,4152.684394
Tunisia,TUN,2013,4222.70514
Tunisia,TUN,2014,4305.482357
Tunisia,TUN,2015,3861.6924
Tunisia,TUN,2016,3697.938729
Tunisia,TUN,2017,3481.241106
Tunisia,TUN,2018,3438.805067
Tunisia,TUN,2019,3351.573443
Tunisia,TUN,2020,3319.819024
Turkey,TUR,2010,10742.77498
Turkey,TUR,2011,11420.55546
Turkey,TUR,2012,11795.63346
Turkey,TUR,2013,12614.78161
Turkey,TUR,2014,12157.99043
Turkey,TUR,2015,11006.27952
Turkey,TUR,2016,10894.60338
Turkey,TUR,2017,10589.66772
Turkey,TUR,2018,9453.196172
Turkey,TUR,2019,9126.594392
Turkey,TUR,2020,8538.16906
Tuvalu,TUV,2010,3024.761774
Tuvalu,TUV,2011,3643.121608
Tuvalu,TUV,2012,3506.308144
Tuvalu,TUV,2013,3457.376266
Tuvalu,TUV,2014,3398.39675
Tuvalu,TUV,2015,3197.772252
Tuvalu,TUV,2016,3253.899536
Tuvalu,TUV,2017,3574.065288
Tuvalu,TUV,2018,3701.709255
Tuvalu,TUV,2019,4055.89561
Tuvalu,TUV,2020,4143.109753
Tanzania,TZA,2010,743.4036639
Tanzania,TZA,2011,781.4338957
Tanzania,TZA,2012,867.8574989
Tanzania,TZA,2013,970.3996014
Tanzania,TZA,2014,1030.077648
Tanzania,TZA,2015,947.9333517
Tanzania,TZA,2016,966.5030166
Tanzania,TZA,2017,1004.906588
Tanzania,TZA,2018,1042.838759
Tanzania,TZA,2019,1085.884861
Tanzania,TZA,2020,1076.470385
Uganda,UGA,2010,819.0074652
Uganda,UGA,2011,828.9941128
Uganda,UGA,2012,786.738711
Uganda,UGA,2013,806.6119363
Uganda,UGA,2014,879.7349486
Uganda,UGA,2015,843.6295453
Uganda,UGA,2016,733.3971317
Uganda,UGA,2017,746.8307512
Uganda,UGA,2018,770.2570601
Uganda,UGA,2019,794.4514454
Uganda,UGA,2020,817.0357569
Ukraine,UKR,2010,2965.139715
Ukraine,UKR,2011,3569.758121
Ukraine,UKR,2012,3855.417729
Ukraine,UKR,2013,4029.711252
Ukraine,UKR,2014,3104.643206
Ukraine,UKR,2015,2124.662319
Ukraine,UKR,2016,2187.73051
Ukraine,UKR,2017,2640.675677
Ukraine,UKR,2018,3096.817402
Ukraine,UKR,2019,3662.563087
Ukraine,UKR,2020,3726.927149
Upper middle income,UMC,2010,6306.628403
Upper middle income,UMC,2011,7552.604624
Upper middle income,UMC,2012,8031.697227
Upper middle income,UMC,2013,8566.499744
Upper middle income,UMC,2014,8769.654809
Upper middle income,UMC,2015,8173.055438
Upper middle income,UMC,2016,8072.015628
Upper middle income,UMC,2017,8870.349295
Upper middle income,UMC,2018,9483.693306
Upper middle income,UMC,2019,9589.037874
Upper middle income,UMC,2020,9191.680733
Uruguay,URY,2010,11992.02377
Uruguay,URY,2011,14236.715
Uruguay,URY,2012,15171.58017
Uruguay,URY,2013,16973.68924
Uruguay,URY,2014,16831.94819
Uruguay,URY,2015,15613.74597
Uruguay,URY,2016,16715.63347
Uruguay,URY,2017,18690.89384
Uruguay,URY,2018,18703.86029
Uruguay,URY,2019,17688.01501
Uruguay,URY,2020,15438.41167
United States,USA,2010,48466.6576
United States,USA,2011,49882.55813
United States,USA,2012,51602.93105
United States,USA,2013,53106.53677
United States,USA,2014,55049.98833
United States,USA,2015,56863.3715
United States,USA,2016,58021.4005
United States,USA,2017,60109.65573
United States,USA,2018,63064.41841
United States,USA,2019,65279.52903
United States,USA,2020,63543.57779
Uzbekistan,UZB,2010,1634.312095
Uzbekistan,UZB,2011,1926.292997
Uzbekistan,UZB,2012,2137.025122
Uzbekistan,UZB,2013,2281.410973
Uzbekistan,UZB,2014,2492.336643
Uzbekistan,UZB,2015,2615.025134
Uzbekistan,UZB,2016,2567.799207
Uzbekistan,UZB,2017,1826.566919
Uzbekistan,UZB,2018,1529.082864
Uzbekistan,UZB,2019,1719.05721
Uzbekistan,UZB,2020,1685.764947
St. Vincent and the Grenadines,VCT,2010,6292.498854
St. Vincent and the Grenadines,VCT,2011,6242.252962
St. Vincent and the Grenadines,VCT,2012,6390.310632
St. Vincent and the Grenadines,VCT,2013,6639.484897
St. Vincent and the Grenadines,VCT,2014,6684.377547
St. Vincent and the Grenadines,VCT,2015,6921.702479
St. Vincent and the Grenadines,VCT,2016,7074.548765
St. Vincent and the Grenadines,VCT,2017,7213.025857
St. Vincent and the Grenadines,VCT,2018,7361.400962
St. Vincent and the Grenadines,VCT,2019,7457.239776
St. Vincent and the Grenadines,VCT,2020,7297.91235
"Venezuela, RB",VEN,2010,13825.35712
"Venezuela, RB",VEN,2011,10955.53801
"Venezuela, RB",VEN,2012,12986.22269
"Venezuela, RB",VEN,2013,12457.7686
"Venezuela, RB",VEN,2014,16055.64532
Virgin Islands (U.S.),VIR,2010,40043.55971
Virgin Islands (U.S.),VIR,2011,39144.88872
Virgin Islands (U.S.),VIR,2012,37850.77827
Virgin Islands (U.S.),VIR,2013,34820.11459
Virgin Islands (U.S.),VIR,2014,33573.71943
Virgin Islands (U.S.),VIR,2015,34796.49436
Virgin Islands (U.S.),VIR,2016,36022.54548
Virgin Islands (U.S.),VIR,2017,36287.87949
Virgin Islands (U.S.),VIR,2018,37233.29689
Vietnam,VNM,2010,1317.890646
Vietnam,VNM,2011,1525.119025
Vietnam,VNM,2012,1735.152116
Vietnam,VNM,2013,1886.69017
Vietnam,VNM,2014,2030.278447
Vietnam,VNM,2015,2085.101349
Vietnam,VNM,2016,2192.174482
Vietnam,VNM,2017,2365.521615
Vietnam,VNM,2018,2566.447487
Vietnam,VNM,2019,2715.27598
Vietnam,VNM,2020,2785.724157
Vanuatu,VUT,2010,2839.40634
Vanuatu,VUT,2011,3173.822022
Vanuatu,VUT,2012,2997.293432
Vanuatu,VUT,2013,2954.774511
Vanuatu,VUT,2014,2926.67996
Vanuatu,VUT,2015,2695.666186
Vanuatu,VUT,2016,2805.66532
Vanuatu,VUT,2017,3082.475083
Vanuatu,VUT,2018,3125.404999
Vanuatu,VUT,2019,3102.34679
Vanuatu,VUT,2020,2782.98434
World,WLD,2010,9558.77174
World,WLD,2011,10494.83677
World,WLD,2012,10609.77086
World,WLD,2013,10784.66484
World,WLD,2014,10951.8086
World,WLD,2015,10223.00396
World,WLD,2016,10267.63884
World,WLD,2017,10801.43975
World,WLD,2018,11345.34998
World,WLD,2019,11394.86113
World,WLD,2020,10909.28705
Samoa,WSM,2010,3566.458277
Samoa,WSM,2011,3933.459357
Samoa,WSM,2012,4022.177848
Samoa,WSM,2013,4037.615168
Samoa,WSM,2014,3937.779197
Samoa,WSM,2015,4073.729164
Samoa,WSM,2016,4109.059523
Samoa,WSM,2017,4259.634172
Samoa,WSM,2018,4188.571058
Samoa,WSM,2019,4324.101774
Samoa,WSM,2020,4067.47263
Kosovo,XKX,2010,3286.557443
Kosovo,XKX,2011,3741.875052
Kosovo,XKX,2012,3596.804655
Kosovo,XKX,2013,3891.266363
Kosovo,XKX,2014,4080.330717
Kosovo,XKX,2015,3603.025501
Kosovo,XKX,2016,3780.003689
Kosovo,XKX,2017,4045.614209
Kosovo,XKX,2018,4419.914327
Kosovo,XKX,2019,4445.890702
Kosovo,XKX,2020,4287.200903
"Yemen, Rep.",YEM,2010,1334.784902
"Yemen, Rep.",YEM,2011,1374.621401
"Yemen, Rep.",YEM,2012,1446.536472
"Yemen, Rep.",YEM,2013,1607.152173
"Yemen, Rep.",YEM,2014,1674.002572
"Yemen, Rep.",YEM,2015,1601.830063
"Yemen, Rep.",YEM,2016,1138.603723
"Yemen, Rep.",YEM,2017,960.528848
"Yemen, Rep.",YEM,2018,824.117718
South Africa,ZAF,2010,7328.6152
South Africa,ZAF,2011,8007.476439
South Africa,ZAF,2012,7501.661096
South Africa,ZAF,2013,6832.725546
South Africa,ZAF,2014,6433.400402
South Africa,ZAF,2015,5734.633422
South Africa,ZAF,2016,5272.543648
South Africa,ZAF,2017,6131.47945
South Africa,ZAF,2018,6372.605655
South Africa,ZAF,2019,6001.401121
South Africa,ZAF,2020,5090.715025
Zambia,ZMB,2010,1489.459087
Zambia,ZMB,2011,1672.907535
Zambia,ZMB,2012,1763.069442
Zambia,ZMB,2013,1878.346811
Zambia,ZMB,2014,1762.427817
Zambia,ZMB,2015,1338.290927
Zambia,ZMB,2016,1280.806543
Zambia,ZMB,2017,1535.196574
Zambia,ZMB,2018,1516.3711
Zambia,ZMB,2019,1305.002214
Zambia,ZMB,2020,1050.919283
Zimbabwe,ZWE,2010,948.331481
Zimbabwe,ZWE,2011,1093.653409
Zimbabwe,ZWE,2012,1304.968011
Zimbabwe,ZWE,2013,1429.998461
Zimbabwe,ZWE,2014,1434.896277
Zimbabwe,ZWE,2015,1445.069702
Zimbabwe,ZWE,2016,1464.588957
Zimbabwe,ZWE,2017,1335.665064
Zimbabwe,ZWE,2018,1352.162653
Zimbabwe,ZWE,2019,1156.154864
Zimbabwe,ZWE,2020,1128.210711
