Country,Code,Year,Education_exp
Aruba,ABW,2010,6.929269791
Aruba,ABW,2011,6.119130135
Aruba,ABW,2012,6.549059868
Aruba,ABW,2013,6.442959785
Aruba,ABW,2014,5.851280212
Aruba,ABW,2015,5.888269901
Aruba,ABW,2016,5.491350174
Africa Eastern and Southern,AFE,2010,4.496590137
Africa Eastern and Southern,AFE,2011,4.385980129
Africa Eastern and Southern,AFE,2012,5.509039879
Africa Eastern and Southern,AFE,2013,4.621734858
Africa Eastern and Southern,AFE,2014,4.916950226
Africa Eastern and Southern,AFE,2015,5.079005003
Africa Eastern and Southern,AFE,2016,4.881084919
Africa Eastern and Southern,AFE,2017,5.02312994
Africa Eastern and Southern,AFE,2018,4.951634884
Africa Eastern and Southern,AFE,2019,4.719299793
Afghanistan,AFG,2010,3.479449987
Afghanistan,AFG,2011,3.462009907
Afghanistan,AFG,2013,3.454459906
Afghanistan,AFG,2014,3.695219994
Afghanistan,AFG,2015,3.255800009
Afghanistan,AFG,2016,3.511980057
Afghanistan,AFG,2017,3.373310089
Afghanistan,AFG,2018,3.199790001
Afghanistan,AFG,2019,3.213779926
Africa Western and Central,AFW,2010,3.078089952
Africa Western and Central,AFW,2011,2.987459898
Africa Western and Central,AFW,2012,3.013400078
Africa Western and Central,AFW,2013,3.029710054
Africa Western and Central,AFW,2014,3.161789894
Africa Western and Central,AFW,2015,3.115135074
Africa Western and Central,AFW,2016,2.834550023
Africa Western and Central,AFW,2017,3.431199908
Africa Western and Central,AFW,2018,3.066335082
Africa Western and Central,AFW,2019,3.032850027
Angola,AGO,2010,3.421319962
Angola,AGO,2011,3.243769884
Angola,AGO,2012,3.278470039
Angola,AGO,2013,3.872060061
Angola,AGO,2014,2.930550098
Angola,AGO,2015,3.486900091
Angola,AGO,2016,2.754940033
Angola,AGO,2017,2.466880083
Angola,AGO,2018,2.044699907
Angola,AGO,2019,1.821179986
Albania,ALB,2013,3.539299965
Albania,ALB,2015,3.437969923
Albania,ALB,2016,3.962090015
Albania,ALB,2017,3.611720085
Albania,ALB,2019,3.945760012
Andorra,AND,2010,2.976629972
Andorra,AND,2011,2.98706007
Andorra,AND,2013,2.506160021
Andorra,AND,2014,3.074209929
Andorra,AND,2015,3.28034997
Andorra,AND,2016,3.237070084
Andorra,AND,2017,3.217089891
Andorra,AND,2018,3.246720076
Andorra,AND,2019,3.15060997
United Arab Emirates,ARE,2019,3.102699995
Argentina,ARG,2010,5.019710064
Argentina,ARG,2011,5.290629864
Argentina,ARG,2012,5.345829964
Argentina,ARG,2013,5.436610222
Argentina,ARG,2014,5.361440182
Argentina,ARG,2015,5.776110172
Argentina,ARG,2016,5.545489788
Argentina,ARG,2017,5.454319954
Argentina,ARG,2018,4.945519924
Argentina,ARG,2019,4.802370071
Armenia,ARM,2010,3.249000072
Armenia,ARM,2011,3.143850088
Armenia,ARM,2012,2.772480011
Armenia,ARM,2013,2.650180101
Armenia,ARM,2014,2.247240067
Armenia,ARM,2015,2.80591011
Armenia,ARM,2016,2.75812006
Armenia,ARM,2017,2.707590103
Armenia,ARM,2018,2.255870104
Armenia,ARM,2019,2.561850071
Armenia,ARM,2020,2.704760075
Antigua and Barbuda,ATG,2016,2.430799961
Antigua and Barbuda,ATG,2017,2.448479891
Antigua and Barbuda,ATG,2018,2.644079924
Antigua and Barbuda,ATG,2019,2.822149992
Antigua and Barbuda,ATG,2020,3.321619987
Australia,AUS,2010,5.550059795
Australia,AUS,2011,5.074510098
Australia,AUS,2012,4.868999958
Australia,AUS,2013,5.229740143
Australia,AUS,2014,5.164770126
Australia,AUS,2015,5.311270237
Australia,AUS,2016,5.276780128
Australia,AUS,2017,5.127900124
Australia,AUS,2018,5.107890129
Austria,AUT,2010,5.700479984
Austria,AUT,2011,5.592269897
Austria,AUT,2012,5.480400085
Austria,AUT,2013,5.547110081
Austria,AUT,2014,5.447619915
Austria,AUT,2015,5.456580162
Austria,AUT,2016,5.47961998
Austria,AUT,2017,5.371890068
Austria,AUT,2018,5.225359917
Azerbaijan,AZE,2010,2.780620098
Azerbaijan,AZE,2011,2.435640097
Azerbaijan,AZE,2012,2.067630053
Azerbaijan,AZE,2013,2.442130089
Azerbaijan,AZE,2014,2.633039951
Azerbaijan,AZE,2015,2.951679945
Azerbaijan,AZE,2016,2.903409958
Azerbaijan,AZE,2017,2.473819971
Azerbaijan,AZE,2018,2.455430031
Azerbaijan,AZE,2019,2.681080103
Burundi,BDI,2010,6.775249958
Burundi,BDI,2011,6.319250107
Burundi,BDI,2012,6.167860031
Burundi,BDI,2013,5.995359898
Burundi,BDI,2014,6.784520149
Burundi,BDI,2015,6.370540142
Burundi,BDI,2016,4.691999912
Burundi,BDI,2017,4.762020111
Burundi,BDI,2018,5.078649998
Belgium,BEL,2010,6.442590237
Belgium,BEL,2011,6.431990147
Belgium,BEL,2013,6.630529881
Belgium,BEL,2014,6.590469837
Belgium,BEL,2015,6.451570034
Belgium,BEL,2016,6.461730003
Belgium,BEL,2017,6.425340176
Belgium,BEL,2018,6.376639843
Benin,BEN,2010,3.679970026
Benin,BEN,2011,4.397880077
Benin,BEN,2012,3.562020063
Benin,BEN,2013,3.327510118
Benin,BEN,2014,3.161789894
Benin,BEN,2015,3.17298007
Benin,BEN,2016,2.899100065
Benin,BEN,2017,3.535589933
Benin,BEN,2018,2.933969975
Benin,BEN,2019,2.965199947
Burkina Faso,BFA,2010,3.502229929
Burkina Faso,BFA,2011,3.985150099
Burkina Faso,BFA,2012,3.603159904
Burkina Faso,BFA,2013,4.083439827
Burkina Faso,BFA,2014,4.053299904
Burkina Faso,BFA,2015,3.67008996
Burkina Faso,BFA,2017,5.628469944
Burkina Faso,BFA,2018,5.430560112
Burkina Faso,BFA,2019,5.785480022
Bangladesh,BGD,2011,2.132699966
Bangladesh,BGD,2012,2.175499916
Bangladesh,BGD,2013,1.966160059
Bangladesh,BGD,2016,1.535539985
Bangladesh,BGD,2019,1.326320052
Bulgaria,BGR,2010,3.880959988
Bulgaria,BGR,2011,3.565030098
Bulgaria,BGR,2012,3.493590117
Bulgaria,BGR,2013,4.072440147
Bulgaria,BGR,2017,4.091020107
Bahrain,BHR,2012,2.645309925
Bahrain,BHR,2013,2.476890087
Bahrain,BHR,2014,2.467459917
Bahrain,BHR,2015,2.674540043
Bahrain,BHR,2017,2.324520111
"Bahamas, The",BHS,2015,2.288320065
"Bahamas, The",BHS,2016,2.32517004
"Bahamas, The",BHS,2017,2.418499947
"Bahamas, The",BHS,2018,2.309520006
"Bahamas, The",BHS,2019,2.398930073
"Bahamas, The",BHS,2020,2.510879993
Belarus,BLR,2010,5.220039845
Belarus,BLR,2011,4.684790134
Belarus,BLR,2012,4.959640026
Belarus,BLR,2013,5.009419918
Belarus,BLR,2014,4.818309784
Belarus,BLR,2015,4.787519932
Belarus,BLR,2016,4.946549892
Belarus,BLR,2017,4.794990063
Belarus,BLR,2018,5.381110191
Belarus,BLR,2019,4.97947979
Belarus,BLR,2020,4.952449799
Belize,BLZ,2010,6.719759941
Belize,BLZ,2013,6.425370216
Belize,BLZ,2014,6.614689827
Belize,BLZ,2015,6.870150089
Belize,BLZ,2016,7.29365015
Belize,BLZ,2017,7.45028019
Belize,BLZ,2018,7.472270012
Belize,BLZ,2019,7.138390064
Belize,BLZ,2020,7.94095993
Bermuda,BMU,2010,2.306689978
Bermuda,BMU,2014,1.536880016
Bermuda,BMU,2015,1.501639962
Bermuda,BMU,2017,1.324959993
Brazil,BRA,2010,5.648799896
Brazil,BRA,2011,5.737410069
Brazil,BRA,2012,5.855100155
Brazil,BRA,2013,5.838850021
Brazil,BRA,2014,5.948480129
Brazil,BRA,2015,6.24105978
Brazil,BRA,2016,6.314040184
Brazil,BRA,2017,6.32047987
Brazil,BRA,2018,6.088510036
Barbados,BRB,2010,6.054399967
Barbados,BRB,2012,5.262740135
Barbados,BRB,2013,5.148990154
Barbados,BRB,2014,6.143499851
Barbados,BRB,2015,5.382919788
Barbados,BRB,2016,4.707320213
Barbados,BRB,2017,4.366380215
Barbados,BRB,2018,5.428860188
Barbados,BRB,2019,3.203989983
Barbados,BRB,2020,4.295159817
Brunei Darussalam,BRN,2010,2.046610117
Brunei Darussalam,BRN,2011,3.322099924
Brunei Darussalam,BRN,2012,2.889590025
Brunei Darussalam,BRN,2014,3.353189945
Brunei Darussalam,BRN,2016,4.425409794
Bhutan,BTN,2010,4.12473011
Bhutan,BTN,2011,4.765230179
Bhutan,BTN,2013,5.722750187
Bhutan,BTN,2014,6.04489994
Bhutan,BTN,2015,7.590099812
Bhutan,BTN,2016,6.993330002
Bhutan,BTN,2017,7.225739956
Bhutan,BTN,2018,6.850840092
Botswana,BWA,2015,7.806519985
Botswana,BWA,2016,7.974820137
Botswana,BWA,2017,7.099999905
Botswana,BWA,2018,6.721330166
Botswana,BWA,2019,6.91437006
Central African Republic,CAF,2010,1.117609978
Central African Republic,CAF,2011,1.107920051
Central African Republic,CAF,2015,1.910230041
Central African Republic,CAF,2016,1.754089952
Central African Republic,CAF,2017,1.75364995
Central African Republic,CAF,2018,1.565879941
Central African Republic,CAF,2019,1.768710017
Canada,CAN,2010,5.356369972
Canada,CAN,2011,5.262050152
Central Europe and the Baltics,CEB,2010,4.733019829
Central Europe and the Baltics,CEB,2011,4.569059849
Central Europe and the Baltics,CEB,2012,4.451699972
Central Europe and the Baltics,CEB,2013,4.554130077
Central Europe and the Baltics,CEB,2014,4.610660076
Central Europe and the Baltics,CEB,2015,4.809939861
Central Europe and the Baltics,CEB,2016,4.633399963
Central Europe and the Baltics,CEB,2017,4.091020107
Central Europe and the Baltics,CEB,2018,4.26692009
Switzerland,CHE,2010,4.765629768
Switzerland,CHE,2011,4.815269947
Switzerland,CHE,2012,4.8583498
Switzerland,CHE,2013,4.869029999
Switzerland,CHE,2014,4.877799988
Switzerland,CHE,2015,4.93844986
Switzerland,CHE,2016,4.926459789
Switzerland,CHE,2017,4.951570034
Switzerland,CHE,2018,4.86093998
Chile,CHL,2010,4.162089825
Chile,CHL,2011,4.045189857
Chile,CHL,2013,4.529429913
Chile,CHL,2014,4.730949879
Chile,CHL,2015,4.875309944
Chile,CHL,2016,5.342010021
Chile,CHL,2017,5.419660091
Chile,CHL,2018,5.433169842
China,CHN,2010,3.754640102
China,CHN,2011,3.52196002
China,CHN,2012,4.077429771
China,CHN,2013,3.852509975
China,CHN,2014,3.726639986
China,CHN,2015,3.82487011
China,CHN,2016,3.79362011
China,CHN,2017,3.667449951
China,CHN,2018,3.542490005
Cote d'Ivoire,CIV,2010,4.553460121
Cote d'Ivoire,CIV,2011,4.137549877
Cote d'Ivoire,CIV,2012,4.654109955
Cote d'Ivoire,CIV,2013,4.729000092
Cote d'Ivoire,CIV,2014,4.577429771
Cote d'Ivoire,CIV,2015,3.494159937
Cote d'Ivoire,CIV,2016,3.97232008
Cote d'Ivoire,CIV,2017,3.80347991
Cote d'Ivoire,CIV,2018,3.239939928
Cote d'Ivoire,CIV,2019,3.700400114
Cameroon,CMR,2010,2.993659973
Cameroon,CMR,2011,2.766769886
Cameroon,CMR,2012,2.697180033
Cameroon,CMR,2013,2.768019915
Cameroon,CMR,2014,2.687129974
Cameroon,CMR,2015,2.768049955
Cameroon,CMR,2016,2.654230118
Cameroon,CMR,2017,3.154819965
Cameroon,CMR,2018,3.131200075
Cameroon,CMR,2019,3.100500107
"Congo, Dem. Rep.",COD,2010,1.524979949
"Congo, Dem. Rep.",COD,2013,2.062210083
"Congo, Dem. Rep.",COD,2014,1.951429963
"Congo, Dem. Rep.",COD,2015,2.170439959
"Congo, Dem. Rep.",COD,2016,2.118690014
"Congo, Dem. Rep.",COD,2017,1.454949975
"Congo, Rep.",COG,2010,5.686729908
"Congo, Rep.",COG,2014,3.183710098
"Congo, Rep.",COG,2015,3.282579899
"Congo, Rep.",COG,2016,5.20979023
"Congo, Rep.",COG,2017,4.442969799
"Congo, Rep.",COG,2018,3.001470089
"Congo, Rep.",COG,2019,3.898000002
Colombia,COL,2010,4.83382988
Colombia,COL,2011,4.466080189
Colombia,COL,2012,4.370389938
Colombia,COL,2013,4.878550053
Colombia,COL,2014,4.629459858
Colombia,COL,2015,4.470389843
Colombia,COL,2016,4.477210045
Colombia,COL,2017,4.535510063
Colombia,COL,2018,4.449100018
Colombia,COL,2019,4.506219864
Comoros,COM,2011,2.830450058
Comoros,COM,2012,2.747839928
Comoros,COM,2013,2.382760048
Comoros,COM,2014,2.744729996
Comoros,COM,2015,2.545059919
Cabo Verde,CPV,2010,5.567289829
Cabo Verde,CPV,2011,5.043610096
Cabo Verde,CPV,2013,5.001440048
Cabo Verde,CPV,2014,4.963870049
Cabo Verde,CPV,2015,5.266910076
Cabo Verde,CPV,2016,5.288790226
Cabo Verde,CPV,2017,5.181749821
Cabo Verde,CPV,2018,5.368850231
Cabo Verde,CPV,2019,4.733459949
Costa Rica,CRI,2010,6.565740108
Costa Rica,CRI,2011,6.379889965
Costa Rica,CRI,2012,6.582399845
Costa Rica,CRI,2013,6.687399864
Costa Rica,CRI,2014,6.67952013
Costa Rica,CRI,2015,6.87349987
Costa Rica,CRI,2016,6.893959999
Costa Rica,CRI,2017,7.069809914
Costa Rica,CRI,2018,6.779069901
Costa Rica,CRI,2019,6.808790207
Costa Rica,CRI,2020,6.746260166
Caribbean small states,CSS,2010,6.370600224
Caribbean small states,CSS,2011,5.281330109
Caribbean small states,CSS,2012,5.331145048
Caribbean small states,CSS,2013,5.6849401
Caribbean small states,CSS,2014,5.673900127
Caribbean small states,CSS,2015,4.414245129
Caribbean small states,CSS,2016,4.643265009
Caribbean small states,CSS,2017,4.410719991
Caribbean small states,CSS,2018,4.350024939
Caribbean small states,CSS,2019,4.36243999
Caribbean small states,CSS,2020,5.403379917
Cuba,CUB,2010,12.83730984
Curacao,CUW,2013,4.930950165
Cyprus,CYP,2010,6.54279995
Cyprus,CYP,2011,6.538539886
Cyprus,CYP,2013,6.483779907
Cyprus,CYP,2014,6.440499783
Cyprus,CYP,2015,6.326129913
Cyprus,CYP,2016,6.145410061
Cyprus,CYP,2017,5.754169941
Czech Republic,CZE,2010,4.033500195
Czech Republic,CZE,2011,4.242090225
Czech Republic,CZE,2012,4.220709801
Czech Republic,CZE,2013,4.046760082
Czech Republic,CZE,2014,3.965229988
Czech Republic,CZE,2015,5.751820087
Czech Republic,CZE,2016,5.553730011
Czech Republic,CZE,2017,3.806159973
Czech Republic,CZE,2018,4.26692009
Germany,DEU,2010,4.94367981
Germany,DEU,2011,4.82487011
Germany,DEU,2012,4.956580162
Germany,DEU,2013,4.935389996
Germany,DEU,2014,4.921020031
Germany,DEU,2015,4.855150223
Germany,DEU,2016,4.839230061
Germany,DEU,2017,4.882740021
Germany,DEU,2018,4.992740154
Djibouti,DJI,2010,4.49022007
Djibouti,DJI,2015,3.590240002
Djibouti,DJI,2016,3.924390078
Djibouti,DJI,2017,3.748559952
Djibouti,DJI,2018,3.627739906
Dominica,DMA,2015,3.408580065
Dominica,DMA,2016,5.129720211
Dominica,DMA,2017,4.766749859
Dominica,DMA,2018,5.571549892
Dominica,DMA,2019,5.571609974
Dominica,DMA,2020,4.998129845
Denmark,DNK,2010,8.559550285
Denmark,DNK,2011,8.48486042
Denmark,DNK,2012,7.237820148
Denmark,DNK,2013,8.494429588
Denmark,DNK,2014,7.634850025
Denmark,DNK,2017,7.752439976
Dominican Republic,DOM,2010,1.900460005
Dominican Republic,DOM,2011,1.900239944
Dominican Republic,DOM,2012,2.49751997
Dominican Republic,DOM,2013,3.480540037
Dominican Republic,DOM,2014,3.963769913
Dominican Republic,DOM,2015,3.816240072
Dominican Republic,DOM,2016,3.850500107
Dominican Republic,DOM,2017,3.920269966
Dominican Republic,DOM,2018,3.928489923
Dominican Republic,DOM,2019,4.042769909
Algeria,DZA,2016,7.344359875
Algeria,DZA,2017,6.505380154
Algeria,DZA,2018,5.866350174
Algeria,DZA,2019,6.100359917
East Asia & Pacific (excluding high income),EAP,2010,3.508440018
East Asia & Pacific (excluding high income),EAP,2011,4.065494895
East Asia & Pacific (excluding high income),EAP,2012,4.307069778
East Asia & Pacific (excluding high income),EAP,2013,3.852509975
East Asia & Pacific (excluding high income),EAP,2014,3.505784988
East Asia & Pacific (excluding high income),EAP,2015,3.82487011
East Asia & Pacific (excluding high income),EAP,2016,3.79362011
East Asia & Pacific (excluding high income),EAP,2017,3.876494884
East Asia & Pacific (excluding high income),EAP,2018,3.133100033
East Asia & Pacific (excluding high income),EAP,2019,3.234369993
Early-demographic dividend,EAR,2010,3.670450091
Early-demographic dividend,EAR,2011,3.870579958
Early-demographic dividend,EAR,2012,3.606220007
Early-demographic dividend,EAR,2013,3.823080063
Early-demographic dividend,EAR,2014,4.14103508
Early-demographic dividend,EAR,2015,3.950090051
Early-demographic dividend,EAR,2016,3.992174983
Early-demographic dividend,EAR,2017,4.357689857
Early-demographic dividend,EAR,2018,3.979744911
Early-demographic dividend,EAR,2019,3.566455007
East Asia & Pacific,EAS,2010,3.510030031
East Asia & Pacific,EAS,2011,4.065494895
East Asia & Pacific,EAS,2012,4.307069778
East Asia & Pacific,EAS,2013,3.852509975
East Asia & Pacific,EAS,2014,3.648055077
East Asia & Pacific,EAS,2015,3.82487011
East Asia & Pacific,EAS,2016,4.063359976
East Asia & Pacific,EAS,2017,4.085539818
East Asia & Pacific,EAS,2018,3.434504986
Europe & Central Asia (excluding high income),ECA,2010,3.943855047
Europe & Central Asia (excluding high income),ECA,2011,3.935110092
Europe & Central Asia (excluding high income),ECA,2012,3.901690006
Europe & Central Asia (excluding high income),ECA,2013,3.763829947
Europe & Central Asia (excluding high income),ECA,2014,3.970429897
Europe & Central Asia (excluding high income),ECA,2015,3.810214996
Europe & Central Asia (excluding high income),ECA,2016,3.861265063
Europe & Central Asia (excluding high income),ECA,2017,4.091020107
Europe & Central Asia (excluding high income),ECA,2018,4.486399889
Europe & Central Asia (excluding high income),ECA,2019,3.945760012
Europe & Central Asia,ECS,2010,5.141530037
Europe & Central Asia,ECS,2011,4.910699844
Europe & Central Asia,ECS,2012,4.829549789
Europe & Central Asia,ECS,2013,4.970620155
Europe & Central Asia,ECS,2014,4.935540199
Europe & Central Asia,ECS,2015,4.885540009
Europe & Central Asia,ECS,2016,4.839230061
Europe & Central Asia,ECS,2017,4.780779839
Europe & Central Asia,ECS,2018,4.678199768
Ecuador,ECU,2010,4.507430077
Ecuador,ECU,2011,4.726890087
Ecuador,ECU,2012,4.643070221
Ecuador,ECU,2013,5.004640102
Ecuador,ECU,2014,5.260990143
Ecuador,ECU,2015,4.998700142
Ecuador,ECU,2016,4.362750053
Ecuador,ECU,2017,4.614260197
Ecuador,ECU,2018,4.621459961
Ecuador,ECU,2019,4.225659847
Ecuador,ECU,2020,4.134130001
"Egypt, Arab Rep.",EGY,2010,3.542649984
"Egypt, Arab Rep.",EGY,2011,3.344300032
"Egypt, Arab Rep.",EGY,2012,3.368299961
"Egypt, Arab Rep.",EGY,2013,4.122529984
"Egypt, Arab Rep.",EGY,2014,4.25138998
"Egypt, Arab Rep.",EGY,2015,3.930850029
Euro area,EMU,2010,5.472499847
Euro area,EMU,2011,5.123330116
Euro area,EMU,2012,4.956580162
Euro area,EMU,2013,5.335949898
Euro area,EMU,2014,5.124000072
Euro area,EMU,2015,4.897535086
Euro area,EMU,2016,4.815949917
Euro area,EMU,2017,4.882740021
Euro area,EMU,2018,4.805599928
Spain,ESP,2010,4.856080055
Spain,ESP,2011,4.896920204
Spain,ESP,2012,4.469339848
Spain,ESP,2013,4.351019859
Spain,ESP,2014,4.303380013
Spain,ESP,2015,4.286570072
Spain,ESP,2016,4.227640152
Spain,ESP,2017,4.207779884
Spain,ESP,2018,4.178160191
Estonia,EST,2010,5.472499847
Estonia,EST,2011,4.969210148
Estonia,EST,2012,4.682690144
Estonia,EST,2013,4.812670231
Estonia,EST,2014,5.01113987
Estonia,EST,2015,5.106850147
Estonia,EST,2016,5.114459991
Estonia,EST,2017,4.956299782
Estonia,EST,2018,5.238870144
Ethiopia,ETH,2010,4.496590137
Ethiopia,ETH,2011,5.485760212
Ethiopia,ETH,2012,5.56678009
Ethiopia,ETH,2013,4.498549938
Ethiopia,ETH,2014,4.602019787
Ethiopia,ETH,2015,4.737919807
Ethiopia,ETH,2016,5.061510086
Ethiopia,ETH,2017,5.64951992
Ethiopia,ETH,2018,5.06867981
European Union,EUU,2010,5.297860146
European Union,EUU,2011,4.969210148
European Union,EUU,2012,4.889479876
European Union,EUU,2013,4.970620155
European Union,EUU,2014,5.01113987
European Union,EUU,2015,4.885540009
European Union,EUU,2016,4.792669773
European Union,EUU,2017,4.619729996
European Union,EUU,2018,4.627309799
Fragile and conflict affected situations,FCS,2010,3.121330023
Fragile and conflict affected situations,FCS,2011,3.110735059
Fragile and conflict affected situations,FCS,2013,3.284650087
Fragile and conflict affected situations,FCS,2014,2.935420036
Fragile and conflict affected situations,FCS,2015,2.951679945
Fragile and conflict affected situations,FCS,2016,2.830765009
Fragile and conflict affected situations,FCS,2017,2.707590103
Fragile and conflict affected situations,FCS,2018,3.131200075
Finland,FIN,2010,6.504449844
Finland,FIN,2011,6.445049763
Finland,FIN,2012,7.148039818
Finland,FIN,2013,7.124040127
Finland,FIN,2014,7.102369785
Finland,FIN,2015,7.032080173
Finland,FIN,2016,6.851530075
Finland,FIN,2017,6.363110065
Finland,FIN,2018,6.269299984
Fiji,FJI,2010,4.824359894
Fiji,FJI,2011,4.17305994
Fiji,FJI,2012,4.722650051
Fiji,FJI,2013,3.882889986
Fiji,FJI,2014,4.268219948
Fiji,FJI,2015,4.809319973
Fiji,FJI,2016,4.83589983
Fiji,FJI,2017,4.651189804
Fiji,FJI,2018,4.835710049
Fiji,FJI,2019,5.067880154
France,FRA,2017,5.451600075
France,FRA,2018,5.413169861
Faroe Islands,FRO,2015,7.712419987
Faroe Islands,FRO,2016,7.719890118
Faroe Islands,FRO,2017,8.233380318
"Micronesia, Fed. Sts.",FSM,2015,12.40791988
"Micronesia, Fed. Sts.",FSM,2016,13.51266003
"Micronesia, Fed. Sts.",FSM,2017,12.41641998
"Micronesia, Fed. Sts.",FSM,2018,9.697050095
Gabon,GAB,2010,3.078089952
Gabon,GAB,2011,2.987459898
Gabon,GAB,2012,3.013400078
Gabon,GAB,2013,3.029710054
Gabon,GAB,2014,2.666670084
Gabon,GAB,2015,2.900000095
Gabon,GAB,2016,2.769999981
Gabon,GAB,2017,3.326809883
Gabon,GAB,2018,2.933459997
Gabon,GAB,2019,2.767829895
United Kingdom,GBR,2010,5.699749947
United Kingdom,GBR,2011,5.580949783
United Kingdom,GBR,2013,5.531579971
United Kingdom,GBR,2014,5.604569912
United Kingdom,GBR,2015,5.553050041
United Kingdom,GBR,2016,5.418940067
United Kingdom,GBR,2017,5.444180012
United Kingdom,GBR,2018,5.238900185
Georgia,GEO,2010,2.803649902
Georgia,GEO,2011,2.576139927
Georgia,GEO,2012,1.906100035
Georgia,GEO,2013,2.886719942
Georgia,GEO,2014,2.997679949
Georgia,GEO,2015,3.164870024
Georgia,GEO,2016,3.593869925
Georgia,GEO,2017,3.574429989
Georgia,GEO,2018,3.52105999
Georgia,GEO,2019,3.808640003
Georgia,GEO,2020,3.839129925
Ghana,GHA,2010,5.540599823
Ghana,GHA,2011,8.14097023
Ghana,GHA,2012,7.919139862
Ghana,GHA,2013,4.576469898
Ghana,GHA,2014,4.660570145
Ghana,GHA,2015,4.612130165
Ghana,GHA,2016,4.528840065
Ghana,GHA,2017,3.627379894
Ghana,GHA,2018,4.004129887
Guinea,GIN,2010,2.551189899
Guinea,GIN,2011,2.287420034
Guinea,GIN,2012,1.833709955
Guinea,GIN,2013,2.63421011
Guinea,GIN,2014,2.422810078
Guinea,GIN,2015,2.517139912
Guinea,GIN,2016,2.544500113
Guinea,GIN,2017,2.320339918
Guinea,GIN,2018,2.384320021
Guinea,GIN,2019,1.848369956
Guinea,GIN,2020,2.199470043
"Gambia, The",GMB,2010,2.563220024
"Gambia, The",GMB,2011,2.50116992
"Gambia, The",GMB,2012,2.637569904
"Gambia, The",GMB,2013,1.818390012
"Gambia, The",GMB,2014,2.230940104
"Gambia, The",GMB,2015,2.160029888
"Gambia, The",GMB,2016,2.024430037
"Gambia, The",GMB,2017,2.459189892
"Gambia, The",GMB,2018,2.365439892
"Gambia, The",GMB,2019,2.875299931
Guinea-Bissau,GNB,2010,1.860820055
Guinea-Bissau,GNB,2011,1.857859969
Guinea-Bissau,GNB,2012,2.001060009
Guinea-Bissau,GNB,2013,2.13248992
Guinea-Bissau,GNB,2014,2.200000048
Guinea-Bissau,GNB,2015,2.299999952
Guinea-Bissau,GNB,2016,2.299999952
Guinea-Bissau,GNB,2017,2.200000048
Guinea-Bissau,GNB,2018,2.137870073
Guinea-Bissau,GNB,2019,2.947819948
Greece,GRC,2015,3.666769981
Greece,GRC,2017,3.47220993
Greece,GRC,2018,3.593950033
Grenada,GRD,2015,4.238609791
Grenada,GRD,2017,3.173799992
Grenada,GRD,2018,3.552550077
Greenland,GRL,2015,12.00459957
Greenland,GRL,2016,11.08613968
Greenland,GRL,2017,11.02855968
Greenland,GRL,2018,10.5601902
Guatemala,GTM,2010,2.848649979
Guatemala,GTM,2011,2.968650103
Guatemala,GTM,2012,3.005249977
Guatemala,GTM,2013,2.888089895
Guatemala,GTM,2014,2.985620022
Guatemala,GTM,2015,3.030329943
Guatemala,GTM,2016,2.944740057
Guatemala,GTM,2017,2.950099945
Guatemala,GTM,2018,3.137049913
Guatemala,GTM,2019,3.199280024
Guatemala,GTM,2020,3.299720049
Guyana,GUY,2010,2.409389973
Guyana,GUY,2011,2.506690025
Guyana,GUY,2012,2.241319895
Guyana,GUY,2014,4.360320091
Guyana,GUY,2015,3.895699978
Guyana,GUY,2016,4.737750053
Guyana,GUY,2017,4.66478014
Guyana,GUY,2018,4.45058012
High income,HIC,2010,5.384429932
High income,HIC,2011,5.021860123
High income,HIC,2012,4.863674879
High income,HIC,2013,5.118800163
High income,HIC,2014,5.124000072
High income,HIC,2015,4.897535086
High income,HIC,2016,4.926459789
High income,HIC,2017,4.882740021
High income,HIC,2018,4.898489952
"Hong Kong SAR, China",HKG,2010,3.510030031
"Hong Kong SAR, China",HKG,2011,3.418220043
"Hong Kong SAR, China",HKG,2012,3.509609938
"Hong Kong SAR, China",HKG,2013,3.760319948
"Hong Kong SAR, China",HKG,2014,3.572550058
"Hong Kong SAR, China",HKG,2015,3.262120008
"Hong Kong SAR, China",HKG,2016,3.292649984
"Hong Kong SAR, China",HKG,2017,3.310100079
"Hong Kong SAR, China",HKG,2018,3.326519966
"Hong Kong SAR, China",HKG,2019,3.810600042
"Hong Kong SAR, China",HKG,2020,4.406340122
Honduras,HND,2010,6.800000191
Honduras,HND,2011,6.099999905
Honduras,HND,2013,5.874929905
Honduras,HND,2014,7.090119839
Honduras,HND,2015,6.412970066
Honduras,HND,2016,5.159619808
Honduras,HND,2017,4.937019825
Honduras,HND,2018,6.056469917
Honduras,HND,2019,4.912849903
Heavily indebted poor countries (HIPC),HPC,2010,3.539799929
Heavily indebted poor countries (HIPC),HPC,2011,3.754230022
Heavily indebted poor countries (HIPC),HPC,2012,3.475210071
Heavily indebted poor countries (HIPC),HPC,2013,3.406209946
Heavily indebted poor countries (HIPC),HPC,2014,3.671705008
Heavily indebted poor countries (HIPC),HPC,2015,3.494159937
Heavily indebted poor countries (HIPC),HPC,2016,3.094779968
Heavily indebted poor countries (HIPC),HPC,2017,3.627379894
Heavily indebted poor countries (HIPC),HPC,2018,3.310939908
Heavily indebted poor countries (HIPC),HPC,2019,3.438679934
Croatia,HRV,2010,4.234220028
Croatia,HRV,2011,4.137949944
Croatia,HRV,2013,4.554130077
Croatia,HRV,2017,3.905669928
Haiti,HTI,2014,1.794460058
Haiti,HTI,2015,1.854009986
Haiti,HTI,2016,1.422749996
Haiti,HTI,2017,1.591189981
Haiti,HTI,2018,1.682100058
Hungary,HUN,2010,4.733019829
Hungary,HUN,2011,4.569059849
Hungary,HUN,2012,4.153429985
Hungary,HUN,2013,4.197649956
Hungary,HUN,2014,4.610660076
Hungary,HUN,2015,4.498990059
Hungary,HUN,2016,4.620490074
Hungary,HUN,2017,4.619729996
Hungary,HUN,2018,4.627309799
IBRD only,IBD,2010,3.880959988
IBRD only,IBD,2011,4.091569901
IBRD only,IBD,2012,3.901690006
IBRD only,IBD,2013,4.072440147
IBRD only,IBD,2014,4.440424919
IBRD only,IBD,2015,3.871954918
IBRD only,IBD,2016,3.962090015
IBRD only,IBD,2017,4.008424878
IBRD only,IBD,2018,4.167449951
IBRD only,IBD,2019,3.882860065
IDA & IBRD total,IBT,2010,3.689985037
IDA & IBRD total,IBT,2011,3.870579958
IDA & IBRD total,IBT,2012,3.752770066
IDA & IBRD total,IBT,2013,3.848590016
IDA & IBRD total,IBT,2014,4.03358984
IDA & IBRD total,IBT,2015,3.820555091
IDA & IBRD total,IBT,2016,3.819204926
IDA & IBRD total,IBT,2017,3.912969947
IDA & IBRD total,IBT,2018,3.798414946
IDA & IBRD total,IBT,2019,3.663199902
IDA total,IDA,2010,3.539799929
IDA total,IDA,2011,3.777114987
IDA total,IDA,2012,3.479490042
IDA total,IDA,2013,3.357959986
IDA total,IDA,2014,3.671705008
IDA total,IDA,2015,3.659624934
IDA total,IDA,2016,3.511980057
IDA total,IDA,2017,3.775149941
IDA total,IDA,2018,3.562550068
IDA total,IDA,2019,3.442830086
IDA blend,IDB,2010,4.250940084
IDA blend,IDB,2011,5.335289955
IDA blend,IDB,2012,5.789624929
IDA blend,IDB,2013,5.539264917
IDA blend,IDB,2014,5.280210018
IDA blend,IDB,2015,5.271339893
IDA blend,IDB,2016,5.362669945
IDA blend,IDB,2017,4.862154961
IDA blend,IDB,2018,3.587280035
IDA blend,IDB,2019,3.898000002
Indonesia,IDN,2010,2.81227994
Indonesia,IDN,2011,3.189440012
Indonesia,IDN,2012,3.407480001
Indonesia,IDN,2013,3.359040022
Indonesia,IDN,2014,3.288009882
Indonesia,IDN,2015,3.583600044
Indonesia,IDN,2016,3.5
Indonesia,IDN,2017,2.669980049
Indonesia,IDN,2018,3
Indonesia,IDN,2019,2.841850042
IDA only,IDX,2010,3.539799929
IDA only,IDX,2011,3.754230022
IDA only,IDX,2012,3.470930099
IDA only,IDX,2013,3.327510118
IDA only,IDX,2014,3.648190022
IDA only,IDX,2015,3.649159908
IDA only,IDX,2016,3.265754938
IDA only,IDX,2017,3.745085001
IDA only,IDX,2018,3.504765034
IDA only,IDX,2019,3.44075501
India,IND,2010,3.377690077
India,IND,2011,3.79618001
India,IND,2012,3.867500067
India,IND,2013,3.844670057
India,IND,2015,3.285729885
India,IND,2016,3.450979948
Ireland,IRL,2010,6.040140152
Ireland,IRL,2011,5.854020119
Ireland,IRL,2012,5.766119957
Ireland,IRL,2013,5.335949898
Ireland,IRL,2014,4.873139858
Ireland,IRL,2015,3.758009911
Ireland,IRL,2016,3.731739998
Ireland,IRL,2017,3.468849897
Ireland,IRL,2018,3.383090019
"Iran, Islamic Rep.",IRN,2010,3.709180117
"Iran, Islamic Rep.",IRN,2011,3.484970093
"Iran, Islamic Rep.",IRN,2012,3.168590069
"Iran, Islamic Rep.",IRN,2013,3.06795001
"Iran, Islamic Rep.",IRN,2014,2.801350117
"Iran, Islamic Rep.",IRN,2015,2.797389984
"Iran, Islamic Rep.",IRN,2016,3.365760088
"Iran, Islamic Rep.",IRN,2017,3.790400028
"Iran, Islamic Rep.",IRN,2018,3.955359936
"Iran, Islamic Rep.",IRN,2019,3.663199902
Iceland,ISL,2010,6.944240093
Iceland,ISL,2011,6.789979935
Iceland,ISL,2012,7.582230091
Iceland,ISL,2013,7.448689938
Iceland,ISL,2014,7.641409874
Iceland,ISL,2015,7.457970142
Iceland,ISL,2016,7.432199955
Iceland,ISL,2017,7.583859921
Iceland,ISL,2018,7.574059963
Israel,ISR,2010,5.535250187
Israel,ISR,2011,5.576580048
Israel,ISR,2012,5.699969769
Israel,ISR,2013,5.883749962
Israel,ISR,2014,5.783510208
Israel,ISR,2015,5.861249924
Israel,ISR,2016,5.863269806
Israel,ISR,2017,6.102729797
Israel,ISR,2018,6.164899826
Italy,ITA,2010,4.334119797
Italy,ITA,2011,4.115680218
Italy,ITA,2012,4.056019783
Italy,ITA,2013,4.143670082
Italy,ITA,2014,4.061279774
Italy,ITA,2015,4.073629856
Italy,ITA,2016,3.815789938
Italy,ITA,2017,4.044939995
Italy,ITA,2018,4.255720139
Jamaica,JAM,2010,6.370600224
Jamaica,JAM,2011,6.266640186
Jamaica,JAM,2012,6.112460136
Jamaica,JAM,2013,6.251080036
Jamaica,JAM,2014,6.015860081
Jamaica,JAM,2015,5.455210209
Jamaica,JAM,2016,5.314610004
Jamaica,JAM,2017,5.260169983
Jamaica,JAM,2018,5.413809776
Jamaica,JAM,2019,5.163640022
Jamaica,JAM,2020,5.403379917
Jordan,JOR,2010,3.099999905
Jordan,JOR,2011,3.400000095
Jordan,JOR,2012,3.5
Jordan,JOR,2013,3.5
Jordan,JOR,2016,3.452820063
Jordan,JOR,2017,3.228539944
Jordan,JOR,2018,2.984810114
Jordan,JOR,2019,2.988470078
Kazakhstan,KAZ,2010,3.462260008
Kazakhstan,KAZ,2011,3.493520021
Kazakhstan,KAZ,2012,3.901690006
Kazakhstan,KAZ,2013,3.437370062
Kazakhstan,KAZ,2014,3.421649933
Kazakhstan,KAZ,2015,2.788579941
Kazakhstan,KAZ,2016,2.978100061
Kazakhstan,KAZ,2017,2.750819921
Kazakhstan,KAZ,2018,2.615950108
Kazakhstan,KAZ,2019,2.856970072
Kenya,KEN,2010,5.508220196
Kenya,KEN,2011,5.335289955
Kenya,KEN,2012,5.509039879
Kenya,KEN,2013,5.411379814
Kenya,KEN,2014,5.280210018
Kenya,KEN,2015,5.271339893
Kenya,KEN,2016,5.362669945
Kenya,KEN,2017,5.366680145
Kenya,KEN,2018,5.306250095
Kenya,KEN,2019,4.97439003
Kenya,KEN,2020,5.079969883
Kyrgyz Republic,KGZ,2010,5.818830013
Kyrgyz Republic,KGZ,2011,6.79061985
Kyrgyz Republic,KGZ,2012,7.384230137
Kyrgyz Republic,KGZ,2013,6.780200005
Kyrgyz Republic,KGZ,2014,5.531599998
Kyrgyz Republic,KGZ,2015,5.985509872
Kyrgyz Republic,KGZ,2016,6.586150169
Kyrgyz Republic,KGZ,2017,6.026189804
Kyrgyz Republic,KGZ,2018,5.552670002
Kyrgyz Republic,KGZ,2019,5.366749763
Cambodia,KHM,2010,1.533789992
Cambodia,KHM,2011,1.510689974
Cambodia,KHM,2012,1.560899973
Cambodia,KHM,2013,2.05053997
Cambodia,KHM,2014,1.909389973
Cambodia,KHM,2018,2.162859917
Kiribati,KIR,2011,12.97000027
Kiribati,KIR,2012,13.38438034
Kiribati,KIR,2013,12.02653027
Kiribati,KIR,2014,11.23237038
Kiribati,KIR,2015,9.862959862
Kiribati,KIR,2016,10.09358978
Kiribati,KIR,2017,10.86316013
Kiribati,KIR,2018,11.96829033
Kiribati,KIR,2019,12.39466
St. Kitts and Nevis,KNA,2015,2.643460035
"Korea, Rep.",KOR,2016,4.333099842
"Korea, Rep.",KOR,2017,4.328239918
"Korea, Rep.",KOR,2018,4.458079815
Kuwait,KWT,2015,4.771480083
Kuwait,KWT,2016,5.847710133
Kuwait,KWT,2017,6.36548996
Kuwait,KWT,2018,6.38917017
Kuwait,KWT,2019,6.49243021
Kuwait,KWT,2020,6.551259995
Latin America & Caribbean (excluding high income),LAC,2010,4.83382988
Latin America & Caribbean (excluding high income),LAC,2011,4.726890087
Latin America & Caribbean (excluding high income),LAC,2012,4.643070221
Latin America & Caribbean (excluding high income),LAC,2013,4.84394002
Latin America & Caribbean (excluding high income),LAC,2014,4.789110184
Latin America & Caribbean (excluding high income),LAC,2015,4.274410009
Latin America & Caribbean (excluding high income),LAC,2016,4.362750053
Latin America & Caribbean (excluding high income),LAC,2017,4.437954903
Latin America & Caribbean (excluding high income),LAC,2018,4.09145987
Latin America & Caribbean (excluding high income),LAC,2019,4.042769909
Lao PDR,LAO,2010,1.709789991
Lao PDR,LAO,2011,1.708019972
Lao PDR,LAO,2012,1.821470022
Lao PDR,LAO,2013,3.233809948
Lao PDR,LAO,2014,2.937809944
Lebanon,LBN,2010,1.613309979
Lebanon,LBN,2011,1.652519941
Lebanon,LBN,2012,2.148089886
Lebanon,LBN,2013,2.432450056
Lebanon,LBN,2014,2
Lebanon,LBN,2015,2.099999905
Lebanon,LBN,2016,2.123929977
Lebanon,LBN,2017,2.132940054
Lebanon,LBN,2018,2.524470091
Lebanon,LBN,2019,2.592020035
Liberia,LBR,2012,1.777119994
Liberia,LBR,2013,1.734660029
Liberia,LBR,2014,2.279099941
Liberia,LBR,2015,2.170830011
Liberia,LBR,2016,2.14812994
Liberia,LBR,2017,2.76128006
Liberia,LBR,2018,2.584120035
Liberia,LBR,2019,2.270390034
Liberia,LBR,2020,2.309289932
St. Lucia,LCA,2010,3.482899904
St. Lucia,LCA,2011,3.588239908
St. Lucia,LCA,2012,3.272989988
St. Lucia,LCA,2013,3.85984993
St. Lucia,LCA,2014,3.880690098
St. Lucia,LCA,2015,3.867729902
St. Lucia,LCA,2016,5.208280087
St. Lucia,LCA,2017,3.633480072
St. Lucia,LCA,2018,3.331799984
St. Lucia,LCA,2019,3.264879942
St. Lucia,LCA,2020,3.569050074
Latin America & Caribbean,LCN,2010,4.670629978
Latin America & Caribbean,LCN,2011,4.410675049
Latin America & Caribbean,LCN,2012,4.59645009
Latin America & Caribbean,LCN,2013,4.878550053
Latin America & Caribbean,LCN,2014,5.023290157
Latin America & Caribbean,LCN,2015,4.078430176
Latin America & Caribbean,LCN,2016,4.362750053
Latin America & Caribbean,LCN,2017,4.421764851
Latin America & Caribbean,LCN,2018,4.254429817
Latin America & Caribbean,LCN,2019,4.042769909
Least developed countries: UN classification,LDC,2010,3.421319962
Least developed countries: UN classification,LDC,2011,3.352889895
Least developed countries: UN classification,LDC,2012,3.278470039
Least developed countries: UN classification,LDC,2013,3.284650087
Least developed countries: UN classification,LDC,2014,3.27333498
Least developed countries: UN classification,LDC,2015,3.25902009
Least developed countries: UN classification,LDC,2016,2.935029984
Least developed countries: UN classification,LDC,2017,3.454450011
Least developed countries: UN classification,LDC,2018,3.290864944
Least developed countries: UN classification,LDC,2019,3.089489937
Low income,LIC,2010,2.75
Low income,LIC,2011,3.077620029
Low income,LIC,2012,3.029430032
Low income,LIC,2013,3.067680001
Low income,LIC,2014,3.15555501
Low income,LIC,2015,3.057290077
Low income,LIC,2016,2.829074979
Low income,LIC,2017,2.981440067
Low income,LIC,2018,3.199790001
Low income,LIC,2019,3.213779926
Liechtenstein,LIE,2011,2.556040049
Sri Lanka,LKA,2010,1.717740059
Sri Lanka,LKA,2011,1.808609962
Sri Lanka,LKA,2012,1.496170044
Sri Lanka,LKA,2013,1.621070027
Sri Lanka,LKA,2014,1.932880044
Sri Lanka,LKA,2015,2.22874999
Sri Lanka,LKA,2016,3.449199915
Sri Lanka,LKA,2017,2.799249887
Sri Lanka,LKA,2018,2.135390043
Lower middle income,LMC,2010,4.027415037
Lower middle income,LMC,2011,3.916825056
Lower middle income,LMC,2012,3.867500067
Lower middle income,LMC,2013,3.997295022
Lower middle income,LMC,2014,4.0832901
Lower middle income,LMC,2015,4.176990032
Lower middle income,LMC,2016,4.101970196
Lower middle income,LMC,2017,4.378844976
Lower middle income,LMC,2018,3.979744911
Lower middle income,LMC,2019,3.799200058
Low & middle income,LMY,2010,3.679970026
Low & middle income,LMY,2011,3.798089981
Low & middle income,LMY,2012,3.712440014
Low & middle income,LMY,2013,3.801490068
Low & middle income,LMY,2014,3.963769913
Low & middle income,LMY,2015,3.82487011
Low & middle income,LMY,2016,3.803395033
Low & middle income,LMY,2017,3.920269966
Low & middle income,LMY,2018,3.714299917
Low & middle income,LMY,2019,3.663199902
Lesotho,LSO,2011,8.165100098
Lesotho,LSO,2012,7.666059971
Lesotho,LSO,2013,7.29226017
Lesotho,LSO,2014,7.198599815
Lesotho,LSO,2015,9
Lesotho,LSO,2016,7.760749817
Lesotho,LSO,2017,8.156889915
Lesotho,LSO,2018,7.285359859
Lesotho,LSO,2019,7.800149918
Lesotho,LSO,2020,7.375010014
Late-demographic dividend,LTE,2010,4.645100117
Late-demographic dividend,LTE,2011,4.466080189
Late-demographic dividend,LTE,2012,4.536709785
Late-demographic dividend,LTE,2013,4.878550053
Late-demographic dividend,LTE,2014,4.730949879
Late-demographic dividend,LTE,2015,4.468075037
Late-demographic dividend,LTE,2016,4.380859852
Late-demographic dividend,LTE,2017,4.229444981
Late-demographic dividend,LTE,2018,4.449100018
Late-demographic dividend,LTE,2019,4.061970234
Lithuania,LTU,2010,5.297860146
Lithuania,LTU,2011,5.113430023
Lithuania,LTU,2012,4.758029938
Lithuania,LTU,2013,4.602330208
Lithuania,LTU,2014,4.486579895
Lithuania,LTU,2015,4.227190018
Lithuania,LTU,2016,4.004310131
Lithuania,LTU,2017,3.812200069
Lithuania,LTU,2018,3.894959927
Luxembourg,LUX,2012,4.090410233
Luxembourg,LUX,2014,4.007890224
Luxembourg,LUX,2015,3.918200016
Luxembourg,LUX,2017,3.569590092
Luxembourg,LUX,2018,3.666260004
Latvia,LVA,2010,5.057059765
Latvia,LVA,2011,4.910699844
Latvia,LVA,2012,6.546720028
Latvia,LVA,2013,6.943649769
Latvia,LVA,2014,5.283889771
Latvia,LVA,2015,5.284939766
Latvia,LVA,2016,4.659530163
Latvia,LVA,2017,4.370299816
Latvia,LVA,2018,4.245170116
"Macao SAR, China",MAC,2010,2.618489981
"Macao SAR, China",MAC,2011,2.675280094
"Macao SAR, China",MAC,2012,3.325160027
"Macao SAR, China",MAC,2013,2.050489902
"Macao SAR, China",MAC,2014,2.048530102
"Macao SAR, China",MAC,2015,3.001650095
"Macao SAR, China",MAC,2016,3.098540068
"Macao SAR, China",MAC,2017,2.705579996
"Macao SAR, China",MAC,2018,2.727880001
"Macao SAR, China",MAC,2019,3.061460018
Monaco,MCO,2010,1.31735003
Monaco,MCO,2011,1.589890003
Monaco,MCO,2012,1.780040026
Monaco,MCO,2013,1.334400058
Monaco,MCO,2014,1.021950006
Monaco,MCO,2016,1.370929956
Monaco,MCO,2017,1.457929969
Monaco,MCO,2019,1.152660012
Moldova,MDA,2010,7.592299938
Moldova,MDA,2011,7.136380196
Moldova,MDA,2012,6.983389854
Moldova,MDA,2013,5.909759998
Moldova,MDA,2014,6.266019821
Moldova,MDA,2015,5.805689812
Moldova,MDA,2016,5.608449936
Moldova,MDA,2017,5.618440151
Moldova,MDA,2018,5.439730167
Moldova,MDA,2019,6.104579926
Madagascar,MDG,2010,2.75
Madagascar,MDG,2011,2.381680012
Madagascar,MDG,2012,2.340670109
Madagascar,MDG,2013,1.776939988
Madagascar,MDG,2014,2.381230116
Madagascar,MDG,2015,2.210119963
Madagascar,MDG,2016,2.687190056
Madagascar,MDG,2017,2.836420059
Madagascar,MDG,2018,2.874520063
Madagascar,MDG,2019,2.944900036
Maldives,MDV,2010,3.633280039
Maldives,MDV,2011,3.080729961
Maldives,MDV,2012,3.34085989
Maldives,MDV,2013,3.388299942
Maldives,MDV,2014,3.088589907
Maldives,MDV,2015,3.887490034
Maldives,MDV,2016,3.68701005
Maldives,MDV,2017,3.887470007
Maldives,MDV,2018,3.912489891
Maldives,MDV,2019,4.121590137
Middle East & North Africa,MEA,2013,4.098185062
Middle East & North Africa,MEA,2017,4.255970001
Mexico,MEX,2010,5.159220219
Mexico,MEX,2011,5.105649948
Mexico,MEX,2012,5.103099823
Mexico,MEX,2013,4.696050167
Mexico,MEX,2014,5.257470131
Mexico,MEX,2015,5.229420185
Mexico,MEX,2016,4.90681982
Mexico,MEX,2017,4.518219948
Mexico,MEX,2018,4.254429817
Marshall Islands,MHL,2019,9.611289978
Middle income,MIC,2010,3.943855047
Middle income,MIC,2011,3.89854002
Middle income,MIC,2012,3.901690006
Middle income,MIC,2013,3.872060061
Middle income,MIC,2014,4.0832901
Middle income,MIC,2015,4.023880124
Middle income,MIC,2016,4.026730061
Middle income,MIC,2017,4.091020107
Middle income,MIC,2018,3.979744911
Middle income,MIC,2019,3.85898006
Mali,MLI,2010,3.343889952
Mali,MLI,2011,3.754230022
Mali,MLI,2012,3.479490042
Mali,MLI,2013,3.284650087
Mali,MLI,2014,3.648190022
Mali,MLI,2015,3.801520109
Mali,MLI,2016,3.094779968
Mali,MLI,2017,3.789769888
Mali,MLI,2018,3.882529974
Mali,MLI,2019,3.438679934
Malta,MLT,2010,6.250040054
Malta,MLT,2011,7.696129799
Malta,MLT,2012,6.345459938
Malta,MLT,2013,7.579239845
Malta,MLT,2014,7.004209995
Malta,MLT,2015,5.023980141
Malta,MLT,2016,5.084459782
Malta,MLT,2017,4.651629925
Myanmar,MMR,2010,0.899999976
Myanmar,MMR,2011,0.787440002
Myanmar,MMR,2012,1.600000024
Myanmar,MMR,2013,2.099999905
Myanmar,MMR,2014,1.899999976
Myanmar,MMR,2015,2.099999905
Myanmar,MMR,2016,1.899999976
Myanmar,MMR,2017,2.087680101
Myanmar,MMR,2018,1.922889948
Myanmar,MMR,2019,1.974210024
Middle East & North Africa (excluding high income),MNA,2010,3.625915051
Middle East & North Africa (excluding high income),MNA,2011,3.442485094
Middle East & North Africa (excluding high income),MNA,2012,3.434149981
Middle East & North Africa (excluding high income),MNA,2013,3.811264992
Middle East & North Africa (excluding high income),MNA,2016,4.217890143
Mongolia,MNG,2010,4.645100117
Mongolia,MNG,2011,4.60902977
Mongolia,MNG,2012,5.19520998
Mongolia,MNG,2013,4.940770149
Mongolia,MNG,2014,4.714849949
Mongolia,MNG,2015,4.176990032
Mongolia,MNG,2016,5.18061018
Mongolia,MNG,2017,4.088590145
Mongolia,MNG,2018,6.173019886
Mongolia,MNG,2019,4.940889835
Mozambique,MOZ,2010,5.952929974
Mozambique,MOZ,2011,6.260409832
Mozambique,MOZ,2012,5.672160149
Mozambique,MOZ,2013,6.115330219
Mozambique,MOZ,2014,6.876329899
Mozambique,MOZ,2015,6.010829926
Mozambique,MOZ,2016,5.865039825
Mozambique,MOZ,2017,5.505559921
Mozambique,MOZ,2018,5.452189922
Mozambique,MOZ,2019,6.229990005
Mauritania,MRT,2011,2.331020117
Mauritania,MRT,2012,2.158210039
Mauritania,MRT,2013,2.293540001
Mauritania,MRT,2016,1.944059968
Mauritania,MRT,2019,1.893730044
Mauritania,MRT,2020,1.886590004
Mauritius,MUS,2010,3.551470041
Mauritius,MUS,2011,3.332070112
Mauritius,MUS,2012,3.418200016
Mauritius,MUS,2013,3.61578989
Mauritius,MUS,2014,4.916950226
Mauritius,MUS,2015,4.886670113
Mauritius,MUS,2016,5.013599873
Mauritius,MUS,2017,5.02312994
Mauritius,MUS,2018,4.834589958
Mauritius,MUS,2019,4.719299793
Mauritius,MUS,2020,4.607999802
Malawi,MWI,2010,3.539799929
Malawi,MWI,2011,4.152619839
Malawi,MWI,2013,5.41617012
Malawi,MWI,2014,4.839839935
Malawi,MWI,2015,5.608660221
Malawi,MWI,2016,4.748569965
Malawi,MWI,2017,4.031330109
Malawi,MWI,2018,3.381939888
Malawi,MWI,2019,3.711319923
Malawi,MWI,2020,2.907619953
Malaysia,MYS,2010,4.966450214
Malaysia,MYS,2011,5.76293993
Malaysia,MYS,2012,5.739029884
Malaysia,MYS,2013,5.481200218
Malaysia,MYS,2014,5.212639809
Malaysia,MYS,2015,4.894869804
Malaysia,MYS,2016,4.751920223
Malaysia,MYS,2017,4.675310135
Malaysia,MYS,2018,4.479599953
Malaysia,MYS,2019,4.16339016
North America,NAC,2010,5.356369972
North America,NAC,2011,5.262050152
Namibia,NAM,2010,8.243300438
Namibia,NAM,2011,7.397809982
Namibia,NAM,2012,7.793399811
Namibia,NAM,2013,7.466370106
Namibia,NAM,2014,7.452889919
Namibia,NAM,2015,9.913700104
Namibia,NAM,2016,10.65202999
Namibia,NAM,2017,9.759980202
Namibia,NAM,2018,8.988050461
Namibia,NAM,2019,9.480409622
Namibia,NAM,2020,9.409589767
Niger,NER,2010,2.721950054
Niger,NER,2011,3.077620029
Niger,NER,2012,3.18682003
Niger,NER,2013,3.689529896
Niger,NER,2014,5.103680134
Niger,NER,2015,4.485899925
Niger,NER,2016,2.970959902
Niger,NER,2017,2.577159882
Niger,NER,2018,3.44698
Niger,NER,2019,3.523169994
Nicaragua,NIC,2010,4.484220028
Nicaragua,NIC,2014,4.0832901
Nicaragua,NIC,2015,4.078430176
Nicaragua,NIC,2016,4.081140041
Nicaragua,NIC,2017,4.357689857
Nicaragua,NIC,2018,3.562550068
Nicaragua,NIC,2019,3.442830086
Netherlands,NLD,2010,5.489089966
Netherlands,NLD,2011,5.463039875
Netherlands,NLD,2012,5.410220146
Netherlands,NLD,2013,5.52655983
Netherlands,NLD,2014,5.458899975
Netherlands,NLD,2015,5.34815979
Netherlands,NLD,2016,5.479599953
Netherlands,NLD,2017,5.17509985
Netherlands,NLD,2018,5.357649803
Norway,NOR,2010,6.746339798
Norway,NOR,2011,6.454520226
Norway,NOR,2012,7.374700069
Norway,NOR,2013,7.485350132
Norway,NOR,2014,7.695040226
Norway,NOR,2015,7.569330215
Norway,NOR,2016,8.030550003
Norway,NOR,2017,7.911980152
Norway,NOR,2018,7.644110203
Nepal,NPL,2010,3.631720066
Nepal,NPL,2011,3.842619896
Nepal,NPL,2012,3.29008007
Nepal,NPL,2013,3.018110037
Nepal,NPL,2014,3.47213006
Nepal,NPL,2015,3.25902009
Nepal,NPL,2016,3.903209925
Nepal,NPL,2017,4.76722002
Nepal,NPL,2018,4.43445015
New Zealand,NZL,2010,7.000390053
New Zealand,NZL,2011,6.939690113
New Zealand,NZL,2012,7.159930229
New Zealand,NZL,2013,6.701550007
New Zealand,NZL,2014,6.342430115
New Zealand,NZL,2015,6.325059891
New Zealand,NZL,2016,6.411789894
New Zealand,NZL,2017,6.259739876
New Zealand,NZL,2018,6.048500061
OECD members,OED,2010,5.442494869
OECD members,OED,2011,5.11838007
OECD members,OED,2012,5.029839993
OECD members,OED,2013,5.270969868
OECD members,OED,2014,5.164770126
OECD members,OED,2015,5.106850147
OECD members,OED,2016,5.02045989
OECD members,OED,2017,4.953934908
OECD members,OED,2018,4.898489952
Oman,OMN,2013,4.98458004
Oman,OMN,2017,5.840189934
Oman,OMN,2018,5.207230091
Oman,OMN,2019,5.413209915
Other small states,OSS,2010,5.006079912
Other small states,OSS,2011,4.969210148
Other small states,OSS,2012,3.462820053
Other small states,OSS,2013,4.073840141
Other small states,OSS,2014,4.964045048
Other small states,OSS,2015,5.231300116
Other small states,OSS,2016,5.414669991
Other small states,OSS,2017,5.02312994
Other small states,OSS,2018,5.459015131
Other small states,OSS,2019,4.719299793
Pakistan,PAK,2010,2.286870003
Pakistan,PAK,2011,2.221750021
Pakistan,PAK,2012,2.13628006
Pakistan,PAK,2013,2.493439913
Pakistan,PAK,2014,2.465929985
Pakistan,PAK,2015,2.650019884
Pakistan,PAK,2016,3.002919912
Pakistan,PAK,2017,2.89951992
Pakistan,PAK,2019,2.507550001
Panama,PAN,2011,3.159009933
Panama,PAN,2013,3.400000095
Panama,PAN,2015,2.836289883
Panama,PAN,2016,2.846080065
Panama,PAN,2017,2.882240057
Panama,PAN,2018,2.88293004
Panama,PAN,2019,3.127360106
Peru,PER,2010,2.867300034
Peru,PER,2011,2.663500071
Peru,PER,2012,2.92276001
Peru,PER,2013,3.297290087
Peru,PER,2014,3.695990086
Peru,PER,2015,3.969330072
Peru,PER,2016,3.813169956
Peru,PER,2017,3.931309938
Peru,PER,2018,3.714299917
Peru,PER,2019,3.819960117
Peru,PER,2020,4.246679783
Philippines,PHL,2010,2.309999943
Philippines,PHL,2013,3.019999981
Philippines,PHL,2014,2.789999962
Philippines,PHL,2015,3.329999924
Philippines,PHL,2016,3.569999933
Philippines,PHL,2017,4.400000095
Philippines,PHL,2018,3.133100033
Philippines,PHL,2019,3.234369993
Papua New Guinea,PNG,2017,1.964930058
Papua New Guinea,PNG,2018,1.874830008
Poland,POL,2010,5.063020229
Poland,POL,2011,4.824969769
Poland,POL,2012,4.829549789
Poland,POL,2013,4.970620155
Poland,POL,2014,4.935540199
Poland,POL,2015,4.809939861
Poland,POL,2016,4.633399963
Poland,POL,2017,4.558460236
Poland,POL,2018,4.615799904
Pre-demographic dividend,PRE,2010,3.479449987
Pre-demographic dividend,PRE,2011,3.462009907
Pre-demographic dividend,PRE,2012,3.374700069
Pre-demographic dividend,PRE,2013,3.342735052
Pre-demographic dividend,PRE,2014,3.284295082
Pre-demographic dividend,PRE,2015,3.282579899
Pre-demographic dividend,PRE,2016,2.970959902
Pre-demographic dividend,PRE,2017,3.63261497
Pre-demographic dividend,PRE,2018,3.239939928
Pre-demographic dividend,PRE,2019,3.32622993
Puerto Rico,PRI,2013,6.481080055
Puerto Rico,PRI,2014,6.072659969
Portugal,PRT,2010,5.412489891
Portugal,PRT,2011,5.123330116
Portugal,PRT,2012,4.949409962
Portugal,PRT,2013,5.270969868
Portugal,PRT,2014,5.124000072
Portugal,PRT,2015,4.885540009
Portugal,PRT,2017,5.015610218
Portugal,PRT,2018,4.675159931
Paraguay,PRY,2010,2.770720005
Paraguay,PRY,2013,4.809329987
Paraguay,PRY,2014,4.789110184
Paraguay,PRY,2015,3.338150024
Paraguay,PRY,2017,3.08968997
Paraguay,PRY,2018,3.283200026
Paraguay,PRY,2019,3.469710112
West Bank and Gaza,PSE,2010,6.191679955
West Bank and Gaza,PSE,2011,5.335279942
West Bank and Gaza,PSE,2012,4.742109776
West Bank and Gaza,PSE,2013,4.89467001
West Bank and Gaza,PSE,2015,4.663219929
West Bank and Gaza,PSE,2016,4.982960224
West Bank and Gaza,PSE,2017,4.721539974
West Bank and Gaza,PSE,2018,5.318870068
Post-demographic dividend,PST,2010,5.412489891
Post-demographic dividend,PST,2011,5.11838007
Post-demographic dividend,PST,2012,4.952995062
Post-demographic dividend,PST,2013,5.229740143
Post-demographic dividend,PST,2014,5.164770126
Post-demographic dividend,PST,2015,4.93844986
Post-demographic dividend,PST,2016,4.978164911
Post-demographic dividend,PST,2017,4.917155027
Post-demographic dividend,PST,2018,4.992740154
Qatar,QAT,2010,4.539659977
Qatar,QAT,2011,4.012239933
Qatar,QAT,2012,3.50744009
Qatar,QAT,2013,4.073840141
Qatar,QAT,2014,3.605350018
Qatar,QAT,2017,2.967459917
Qatar,QAT,2019,2.812289953
Qatar,QAT,2020,3.190330029
Romania,ROU,2010,3.493609905
Romania,ROU,2011,3.061369896
Romania,ROU,2012,2.963799953
Romania,ROU,2013,3.051739931
Romania,ROU,2014,3.121220112
Romania,ROU,2015,3.109630108
Romania,ROU,2016,2.979890108
Romania,ROU,2017,3.095390081
Romania,ROU,2018,3.344749928
Russian Federation,RUS,2012,3.793100119
Russian Federation,RUS,2013,3.763829947
Russian Federation,RUS,2014,4.013879776
Russian Federation,RUS,2015,3.834029913
Russian Federation,RUS,2016,3.760440111
Russian Federation,RUS,2017,4.689909935
Russian Federation,RUS,2018,4.678199768
Rwanda,RWA,2010,4.633840084
Rwanda,RWA,2011,4.385980129
Rwanda,RWA,2012,4.423520088
Rwanda,RWA,2013,4.744919777
Rwanda,RWA,2014,4.19878006
Rwanda,RWA,2015,3.649159908
Rwanda,RWA,2016,3.436729908
Rwanda,RWA,2017,3.126460075
Rwanda,RWA,2018,3.073750019
Rwanda,RWA,2019,3.355459929
Rwanda,RWA,2020,3.407269955
South Asia,SAS,2010,3.377690077
South Asia,SAS,2011,2.841879964
South Asia,SAS,2012,2.175499916
South Asia,SAS,2013,2.755774975
South Asia,SAS,2014,2.969030023
South Asia,SAS,2015,3.255800009
South Asia,SAS,2016,3.450089931
South Asia,SAS,2017,3.136415005
South Asia,SAS,2018,3.199790001
South Asia,SAS,2019,2.507550001
Senegal,SEN,2010,5.217740059
Senegal,SEN,2011,4.903029919
Senegal,SEN,2012,4.776989937
Senegal,SEN,2013,5.686560154
Senegal,SEN,2014,5.720210075
Senegal,SEN,2015,5.45637989
Senegal,SEN,2016,5.113090038
Senegal,SEN,2017,4.624969959
Senegal,SEN,2018,4.8582201
Senegal,SEN,2019,5.287199974
Singapore,SGP,2010,3.080440044
Singapore,SGP,2011,3.030770063
Singapore,SGP,2012,3.070859909
Singapore,SGP,2013,2.85435009
Singapore,SGP,2014,2.92437005
Singapore,SGP,2015,2.863090038
Singapore,SGP,2016,2.874830008
Singapore,SGP,2017,2.768260002
Singapore,SGP,2018,2.645090103
Singapore,SGP,2019,2.631969929
Singapore,SGP,2020,2.506659985
Solomon Islands,SLB,2010,7.931739807
Solomon Islands,SLB,2011,8.125189781
Solomon Islands,SLB,2012,8.087030411
Solomon Islands,SLB,2013,10.17469978
Solomon Islands,SLB,2014,9.812000275
Solomon Islands,SLB,2015,10.13490009
Sierra Leone,SLE,2010,2.588639975
Sierra Leone,SLE,2011,2.668900013
Sierra Leone,SLE,2012,2.872040033
Sierra Leone,SLE,2013,2.379810095
Sierra Leone,SLE,2014,2.662919998
Sierra Leone,SLE,2015,3.057290077
Sierra Leone,SLE,2016,3.060230017
Sierra Leone,SLE,2017,4.635769844
Sierra Leone,SLE,2018,6.989630222
Sierra Leone,SLE,2019,7.365429878
Sierra Leone,SLE,2020,9.261469841
El Salvador,SLV,2010,4.048079967
El Salvador,SLV,2011,3.89854002
El Salvador,SLV,2012,3.712440014
El Salvador,SLV,2013,3.801490068
El Salvador,SLV,2014,3.824160099
El Salvador,SLV,2015,3.909879923
El Salvador,SLV,2016,3.825239897
El Salvador,SLV,2017,3.725229979
El Salvador,SLV,2018,3.605750084
El Salvador,SLV,2019,3.385159969
San Marino,SMR,2010,2.62883997
San Marino,SMR,2011,2.702960014
San Marino,SMR,2017,3.369970083
San Marino,SMR,2018,3.555160046
San Marino,SMR,2019,3.379699945
Serbia,SRB,2010,4.327809811
Serbia,SRB,2011,4.238359928
Serbia,SRB,2012,4.164209843
Serbia,SRB,2014,3.926980019
Serbia,SRB,2015,3.78640008
Serbia,SRB,2016,3.63470006
Serbia,SRB,2017,3.710160017
Serbia,SRB,2018,3.582319975
Serbia,SRB,2019,3.619220018
Sub-Saharan Africa (excluding high income),SSA,2010,3.545634985
Sub-Saharan Africa (excluding high income),SSA,2011,3.777114987
Sub-Saharan Africa (excluding high income),SSA,2012,3.520755053
Sub-Saharan Africa (excluding high income),SSA,2013,3.689529896
Sub-Saharan Africa (excluding high income),SSA,2014,4.126039982
Sub-Saharan Africa (excluding high income),SSA,2015,3.735805035
Sub-Saharan Africa (excluding high income),SSA,2016,3.561609983
Sub-Saharan Africa (excluding high income),SSA,2017,3.789769888
Sub-Saharan Africa (excluding high income),SSA,2018,3.641860008
Sub-Saharan Africa (excluding high income),SSA,2019,3.534980059
South Sudan,SSD,2011,0.962890029
South Sudan,SSD,2013,1.024500012
South Sudan,SSD,2014,1.232460022
South Sudan,SSD,2015,1.465559959
South Sudan,SSD,2016,1.543900013
Sub-Saharan Africa,SSF,2010,3.545634985
Sub-Saharan Africa,SSF,2011,3.777114987
Sub-Saharan Africa,SSF,2012,3.520755053
Sub-Saharan Africa,SSF,2013,3.689529896
Sub-Saharan Africa,SSF,2014,4.126039982
Sub-Saharan Africa,SSF,2015,3.735805035
Sub-Saharan Africa,SSF,2016,3.561609983
Sub-Saharan Africa,SSF,2017,3.789769888
Sub-Saharan Africa,SSF,2018,3.641860008
Sub-Saharan Africa,SSF,2019,3.534980059
Small states,SST,2010,5.472499847
Small states,SST,2011,4.969210148
Small states,SST,2012,4.028635025
Small states,SST,2013,4.812670231
Small states,SST,2014,5.171540022
Small states,SST,2015,5.231300116
Small states,SST,2016,5.314610004
Small states,SST,2017,5.02312994
Small states,SST,2018,5.32633996
Small states,SST,2019,4.719299793
Sao Tome and Principe,STP,2010,9.651470184
Sao Tome and Principe,STP,2011,8.89109993
Sao Tome and Principe,STP,2012,6.339509964
Sao Tome and Principe,STP,2013,5.939690113
Sao Tome and Principe,STP,2014,3.749059916
Sao Tome and Principe,STP,2015,3.864599943
Sao Tome and Principe,STP,2016,5.173039913
Sao Tome and Principe,STP,2017,5.036369801
Sao Tome and Principe,STP,2018,5.235109806
Sao Tome and Principe,STP,2019,5.921549797
Suriname,SUR,2015,5.926509857
Suriname,SUR,2016,5.98029995
Suriname,SUR,2017,6.10751009
Suriname,SUR,2018,5.688600063
Suriname,SUR,2019,7.23706007
Slovak Republic,SVK,2010,4.078979969
Slovak Republic,SVK,2011,3.924669981
Slovak Republic,SVK,2012,3.862869978
Slovak Republic,SVK,2013,4.071350098
Slovak Republic,SVK,2014,4.220590115
Slovak Republic,SVK,2015,4.598999977
Slovak Republic,SVK,2016,3.911070108
Slovak Republic,SVK,2017,3.940639973
Slovak Republic,SVK,2018,3.975830078
Slovenia,SVN,2010,5.545460224
Slovenia,SVN,2011,5.541259766
Slovenia,SVN,2012,5.620230198
Slovenia,SVN,2013,5.405729771
Slovenia,SVN,2014,5.291699886
Slovenia,SVN,2015,4.909530163
Slovenia,SVN,2016,4.792669773
Slovenia,SVN,2017,4.780779839
Slovenia,SVN,2018,4.936039925
Sweden,SWE,2010,6.522689819
Sweden,SWE,2011,6.366919994
Sweden,SWE,2012,7.536970139
Sweden,SWE,2013,7.611209869
Sweden,SWE,2014,7.573729992
Sweden,SWE,2015,7.443900108
Sweden,SWE,2016,7.618619919
Sweden,SWE,2017,7.568830013
Sweden,SWE,2018,7.640840054
Eswatini,SWZ,2010,6.118370056
Eswatini,SWZ,2011,6.864329815
Eswatini,SWZ,2014,7.070320129
Eswatini,SWZ,2015,5.355750084
Eswatini,SWZ,2016,5.414669991
Eswatini,SWZ,2017,6.138090134
Eswatini,SWZ,2018,5.679160118
Eswatini,SWZ,2019,5.645549774
Eswatini,SWZ,2020,5.342339993
Seychelles,SYC,2010,3.548259974
Seychelles,SYC,2011,3.606440067
Seychelles,SYC,2012,2.613929987
Seychelles,SYC,2013,3.608129978
Seychelles,SYC,2014,4.083680153
Seychelles,SYC,2015,4.222899914
Seychelles,SYC,2016,4.421020031
Seychelles,SYC,2017,3.677289963
Seychelles,SYC,2018,4.498839855
Seychelles,SYC,2019,3.914589882
Turks and Caicos Islands,TCA,2015,3.093250036
Turks and Caicos Islands,TCA,2016,3.065490007
Turks and Caicos Islands,TCA,2017,2.977289915
Turks and Caicos Islands,TCA,2018,2.743769884
Turks and Caicos Islands,TCA,2019,3.488399982
Chad,TCD,2010,1.981940031
Chad,TCD,2011,2.2579
Chad,TCD,2012,2.206150055
Chad,TCD,2013,2.850709915
Chad,TCD,2014,2.599999905
Chad,TCD,2015,2.400000095
Chad,TCD,2016,2.299999952
Chad,TCD,2017,2.454819918
Chad,TCD,2018,2.25948
Chad,TCD,2019,2.372459888
East Asia & Pacific (IDA & IBRD countries),TEA,2010,3.508440018
East Asia & Pacific (IDA & IBRD countries),TEA,2011,4.065494895
East Asia & Pacific (IDA & IBRD countries),TEA,2012,4.307069778
East Asia & Pacific (IDA & IBRD countries),TEA,2013,3.852509975
East Asia & Pacific (IDA & IBRD countries),TEA,2014,3.505784988
East Asia & Pacific (IDA & IBRD countries),TEA,2015,3.82487011
East Asia & Pacific (IDA & IBRD countries),TEA,2016,3.79362011
East Asia & Pacific (IDA & IBRD countries),TEA,2017,3.876494884
East Asia & Pacific (IDA & IBRD countries),TEA,2018,3.133100033
East Asia & Pacific (IDA & IBRD countries),TEA,2019,3.234369993
Europe & Central Asia (IDA & IBRD countries),TEC,2010,4.120485067
Europe & Central Asia (IDA & IBRD countries),TEC,2011,4.137949944
Europe & Central Asia (IDA & IBRD countries),TEC,2012,3.959860086
Europe & Central Asia (IDA & IBRD countries),TEC,2013,4.072440147
Europe & Central Asia (IDA & IBRD countries),TEC,2014,4.013879776
Europe & Central Asia (IDA & IBRD countries),TEC,2015,3.834029913
Europe & Central Asia (IDA & IBRD countries),TEC,2016,3.962090015
Europe & Central Asia (IDA & IBRD countries),TEC,2017,4.091020107
Europe & Central Asia (IDA & IBRD countries),TEC,2018,4.615799904
Europe & Central Asia (IDA & IBRD countries),TEC,2019,3.945760012
Togo,TGO,2010,4.096350193
Togo,TGO,2011,4.309299946
Togo,TGO,2012,4.719200134
Togo,TGO,2013,4.423649788
Togo,TGO,2014,4.78455019
Togo,TGO,2015,5.10860014
Togo,TGO,2016,3.686490059
Togo,TGO,2017,3.760529995
Togo,TGO,2018,4.043940067
Togo,TGO,2019,4.969379902
Thailand,THA,2010,3.508440018
Thailand,THA,2011,4.805550098
Thailand,THA,2012,4.536709785
Thailand,THA,2013,4.1240201
Thailand,THA,2014,3.723560095
Thailand,THA,2015,3.759670019
Thailand,THA,2016,3.637520075
Thailand,THA,2017,3.355730057
Thailand,THA,2018,3.056770086
Thailand,THA,2019,2.968980074
Tajikistan,TJK,2010,4.006750107
Tajikistan,TJK,2011,3.935110092
Tajikistan,TJK,2012,4.018030167
Tajikistan,TJK,2015,4.967740059
Tajikistan,TJK,2016,5.763679981
Tajikistan,TJK,2017,5.83796978
Tajikistan,TJK,2018,5.5583601
Tajikistan,TJK,2019,5.712900162
Turkmenistan,TKM,2012,3.049249887
Turkmenistan,TKM,2019,3.120650053
Latin America & the Caribbean (IDA & IBRD countries),TLA,2010,4.507430077
Latin America & the Caribbean (IDA & IBRD countries),TLA,2011,4.410675049
Latin America & the Caribbean (IDA & IBRD countries),TLA,2012,4.59645009
Latin America & the Caribbean (IDA & IBRD countries),TLA,2013,4.84394002
Latin America & the Caribbean (IDA & IBRD countries),TLA,2014,4.789110184
Latin America & the Caribbean (IDA & IBRD countries),TLA,2015,4.078430176
Latin America & the Caribbean (IDA & IBRD countries),TLA,2016,4.362750053
Latin America & the Caribbean (IDA & IBRD countries),TLA,2017,4.421764851
Latin America & the Caribbean (IDA & IBRD countries),TLA,2018,4.254429817
Latin America & the Caribbean (IDA & IBRD countries),TLA,2019,4.042769909
Timor-Leste,TLS,2010,11.10762024
Timor-Leste,TLS,2011,10.07569981
Timor-Leste,TLS,2012,7.241869926
Timor-Leste,TLS,2013,5.667150021
Timor-Leste,TLS,2014,7.515470028
Timor-Leste,TLS,2015,8.445150375
Timor-Leste,TLS,2016,8.078430176
Timor-Leste,TLS,2017,7.106100082
Timor-Leste,TLS,2018,6.830910206
Tonga,TON,2018,6.372910023
Tonga,TON,2019,7.959630013
South Asia (IDA & IBRD),TSA,2010,3.377690077
South Asia (IDA & IBRD),TSA,2011,2.841879964
South Asia (IDA & IBRD),TSA,2012,2.175499916
South Asia (IDA & IBRD),TSA,2013,2.755774975
South Asia (IDA & IBRD),TSA,2014,2.969030023
South Asia (IDA & IBRD),TSA,2015,3.255800009
South Asia (IDA & IBRD),TSA,2016,3.450089931
South Asia (IDA & IBRD),TSA,2017,3.136415005
South Asia (IDA & IBRD),TSA,2018,3.199790001
South Asia (IDA & IBRD),TSA,2019,2.507550001
Sub-Saharan Africa (IDA & IBRD countries),TSS,2010,3.545634985
Sub-Saharan Africa (IDA & IBRD countries),TSS,2011,3.777114987
Sub-Saharan Africa (IDA & IBRD countries),TSS,2012,3.520755053
Sub-Saharan Africa (IDA & IBRD countries),TSS,2013,3.689529896
Sub-Saharan Africa (IDA & IBRD countries),TSS,2014,4.126039982
Sub-Saharan Africa (IDA & IBRD countries),TSS,2015,3.735805035
Sub-Saharan Africa (IDA & IBRD countries),TSS,2016,3.561609983
Sub-Saharan Africa (IDA & IBRD countries),TSS,2017,3.789769888
Sub-Saharan Africa (IDA & IBRD countries),TSS,2018,3.641860008
Sub-Saharan Africa (IDA & IBRD countries),TSS,2019,3.534980059
Trinidad and Tobago,TTO,2011,4.296020031
Trinidad and Tobago,TTO,2012,4.54982996
Trinidad and Tobago,TTO,2013,5.118800163
Trinidad and Tobago,TTO,2014,5.331940174
Trinidad and Tobago,TTO,2015,3.373280048
Trinidad and Tobago,TTO,2016,3.971920013
Trinidad and Tobago,TTO,2017,3.561269999
Trinidad and Tobago,TTO,2018,3.286240101
Trinidad and Tobago,TTO,2019,3.561239958
Tunisia,TUN,2010,6.254809856
Tunisia,TUN,2011,7.554369926
Tunisia,TUN,2012,6.250360012
Tunisia,TUN,2013,6.967450142
Tunisia,TUN,2014,6.881869793
Tunisia,TUN,2015,6.596000195
Tunisia,TUN,2016,7.32434988
Turkey,TUR,2018,4.29460001
Tanzania,TZA,2010,4.541699886
Tanzania,TZA,2011,3.558290005
Tanzania,TZA,2012,3.470930099
Tanzania,TZA,2013,3.357959986
Tanzania,TZA,2014,3.384880066
Tanzania,TZA,2015,4.194869995
Tanzania,TZA,2016,4.101970196
Tanzania,TZA,2017,4.430510044
Tanzania,TZA,2018,3.696439981
Tanzania,TZA,2019,3.534980059
Tanzania,TZA,2020,3.104340076
Uganda,UGA,2010,1.734850049
Uganda,UGA,2011,2.308820009
Uganda,UGA,2012,1.805230021
Uganda,UGA,2013,1.879209995
Uganda,UGA,2014,1.922979951
Uganda,UGA,2015,2.331530094
Uganda,UGA,2016,2.147109985
Uganda,UGA,2017,2.263360023
Uganda,UGA,2018,2.130520105
Uganda,UGA,2019,2.649810076
Uganda,UGA,2020,3.013930082
Ukraine,UKR,2010,7.397079945
Ukraine,UKR,2011,6.162370205
Ukraine,UKR,2012,6.692329884
Ukraine,UKR,2013,6.671659946
Ukraine,UKR,2014,5.874939919
Ukraine,UKR,2015,5.74255991
Ukraine,UKR,2016,5.00977993
Ukraine,UKR,2017,5.412260056
Ukraine,UKR,2018,5.319479942
Ukraine,UKR,2019,5.439650059
Upper middle income,UMC,2010,3.817800045
Upper middle income,UMC,2011,3.565030098
Upper middle income,UMC,2012,3.989559889
Upper middle income,UMC,2013,3.852509975
Upper middle income,UMC,2014,4.321669817
Upper middle income,UMC,2015,3.834029913
Upper middle income,UMC,2016,3.850500107
Upper middle income,UMC,2017,3.931309938
Upper middle income,UMC,2018,4.09145987
Upper middle income,UMC,2019,3.882860065
Uruguay,URY,2011,4.355269909
Uruguay,URY,2016,4.380859852
Uruguay,URY,2017,4.485839844
Uruguay,URY,2018,4.662799835
Uruguay,URY,2019,4.683320045
Uzbekistan,UZB,2011,6.195859909
Uzbekistan,UZB,2012,6.395229816
Uzbekistan,UZB,2013,6.090010166
Uzbekistan,UZB,2014,6.025269985
Uzbekistan,UZB,2015,5.786379814
Uzbekistan,UZB,2016,5.667729855
Uzbekistan,UZB,2017,5.281340122
Uzbekistan,UZB,2018,5.900000095
Uzbekistan,UZB,2019,7.001860142
Uzbekistan,UZB,2020,5.112410069
St. Vincent and the Grenadines,VCT,2010,5.085229874
St. Vincent and the Grenadines,VCT,2016,5.733399868
St. Vincent and the Grenadines,VCT,2017,5.73195982
St. Vincent and the Grenadines,VCT,2018,5.693779945
"Venezuela, RB",VEN,2015,1.930179954
"Venezuela, RB",VEN,2016,1.190230012
"Venezuela, RB",VEN,2017,1.344079971
British Virgin Islands,VGB,2010,3.816999912
British Virgin Islands,VGB,2015,5.134789944
British Virgin Islands,VGB,2016,3.797420025
British Virgin Islands,VGB,2017,2.665430069
British Virgin Islands,VGB,2018,2.694129944
British Virgin Islands,VGB,2019,2.918790102
Vietnam,VNM,2010,5.137219906
Vietnam,VNM,2011,4.813720226
Vietnam,VNM,2012,5.533289909
Vietnam,VNM,2013,5.65199995
Vietnam,VNM,2015,4.465760231
Vietnam,VNM,2016,4.344810009
Vietnam,VNM,2017,4.085539818
Vietnam,VNM,2018,4.167449951
Vietnam,VNM,2019,4.061970234
Vanuatu,VUT,2014,5.181950092
Vanuatu,VUT,2015,5.603380203
Vanuatu,VUT,2017,4.533530235
Vanuatu,VUT,2019,1.78587997
Vanuatu,VUT,2020,2.3125
World,WLD,2010,4.484220028
World,WLD,2011,4.302659988
World,WLD,2012,4.199999809
World,WLD,2013,4.387334824
World,WLD,2014,4.606339931
World,WLD,2015,4.256880045
World,WLD,2016,4.164805174
World,WLD,2017,4.328239918
World,WLD,2018,4.255720139
World,WLD,2019,3.663199902
Samoa,WSM,2015,4.857729912
Samoa,WSM,2016,4.162220001
Samoa,WSM,2017,4.183159828
Samoa,WSM,2018,4.532149792
Samoa,WSM,2019,4.706250191
Samoa,WSM,2020,4.809160233
South Africa,ZAF,2010,5.721739769
South Africa,ZAF,2011,5.881020069
South Africa,ZAF,2012,6.077420235
South Africa,ZAF,2013,5.864659786
South Africa,ZAF,2014,5.99946022
South Africa,ZAF,2015,5.956190109
South Africa,ZAF,2016,5.942850113
South Africa,ZAF,2017,6.113059998
South Africa,ZAF,2018,6.158989906
South Africa,ZAF,2019,6.505050182
South Africa,ZAF,2020,6.836130142
Zambia,ZMB,2010,3.700000048
Zambia,ZMB,2011,3.799999952
Zambia,ZMB,2012,4.199999809
Zambia,ZMB,2013,4.300000191
Zambia,ZMB,2014,5.199999809
Zambia,ZMB,2015,4.624330044
Zambia,ZMB,2016,3.747920036
Zambia,ZMB,2017,3.729640007
Zambia,ZMB,2018,4.739739895
Zambia,ZMB,2019,4.46517992
Zimbabwe,ZWE,2010,1.544059992
Zimbabwe,ZWE,2012,6.07020998
Zimbabwe,ZWE,2013,5.995979786
Zimbabwe,ZWE,2014,6.13835001
Zimbabwe,ZWE,2015,5.812789917
Zimbabwe,ZWE,2016,5.47262001
Zimbabwe,ZWE,2017,5.381060123
Zimbabwe,ZWE,2018,3.587280035
