country,name,latitude,longitude,gdp,,,,,,,Country,sum,,,,,,,
AD,Andorra,42.546245,1.601554,41791.96984,2.71,,Aruba,ABW,2018,30253.27936,Afghanistan,2.43,1,3,3,2,4,2,2
AE,United Arab Emirates,23.424076,53.847818,43839.32449,3.29,,Africa Eastern and Southern,AFE,2018,1534.171767,Albania,3.86,3,5,4,4,5,4,2
AF,Afghanistan,33.93911,67.709953,493.7565814,2.43,,Afghanistan,AFG,2018,493.7565814,Algeria,3.00,3,3,3,2,4,4,2
AG,Antigua and Barbuda,17.060816,-61.796428,16673.4369,2.14,,Africa Western and Central,AFW,2018,1695.959215,Andorra,2.71,2,3,4,2,2,4,2
AI,Anguilla,18.220554,-63.068615,,,,Angola,AGO,2018,3289.643995,Angola,2.14,1,3,3,2,2,2,2
AL,Albania,41.153332,20.168331,5284.380184,3.86,,Albania,ALB,2018,5284.380184,Antigua and Barbuda,2.14,2,2,3,2,2,2,2
AM,Armenia,40.069099,45.038189,4220.540321,2.86,,Andorra,AND,2018,41791.96984,Argentina,4.00,4,5,4,5,4,4,2
AN,Netherlands Antilles,12.226079,-69.060087,,,,Arab World,ARB,2018,6402.380811,Armenia,2.86,4,3,4,3,2,3,1
AO,Angola,-11.202692,17.873887,3289.643995,2.14,,United Arab Emirates,ARE,2018,43839.32449,Australia,4.57,4,5,5,5,4,4,5
AQ,Antarctica,-75.250973,-0.071389,,,,Argentina,ARG,2018,11633.49801,Austria,3.29,4,2,4,3,4,4,2
AR,Argentina,-38.416097,-63.616672,11633.49801,4,,Armenia,ARM,2018,4220.540321,Azerbaijan,2.86,3,3,3,3,4,2,2
AS,American Samoa,-14.270972,-170.132217,11557.67116,,,American Samoa,ASM,2018,11557.67116,Bahamas,2.57,3,2,4,2,2,3,2
AT,Austria,47.516231,14.550072,51453.14702,3.29,,Antigua and Barbuda,ATG,2018,16673.4369,Bahrain,3.43,2,2,4,4,5,2,5
AU,Australia,-25.274398,133.775136,57354.96405,4.57,,Australia,AUS,2018,57354.96405,Bangladesh,3.43,3,2,3,3,4,4,5
AW,Aruba,12.52111,-69.968338,30253.27936,,,Austria,AUT,2018,51453.14702,Barbados,3.14,4,5,4,2,2,3,2
AZ,Azerbaijan,40.143105,47.576927,4739.84171,2.86,,Azerbaijan,AZE,2018,4739.84171,Belarus,3.29,2,2,4,3,4,3,5
BA,Bosnia and Herzegovina,43.915886,17.679076,6072.184623,2.86,,Burundi,BDI,2018,271.7524964,Belgium,3.43,4,1,4,4,4,5,2
BB,Barbados,13.193887,-59.543198,17745.25537,3.14,,Belgium,BEL,2018,47554.74631,Belize,2.29,2,2,3,2,2,3,2
BD,Bangladesh,23.684994,90.356331,1698.132081,3.43,,Benin,BEN,2018,1240.830962,Benin,3.29,3,4,3,3,4,2,4
BE,Belgium,50.503887,4.469936,47554.74631,3.43,,Burkina Faso,BFA,2018,813.0996894,Bhutan,3.17,2,4,2,2,4,,5
BF,Burkina Faso,12.238333,-1.561593,813.0996894,3.14,,Bangladesh,BGD,2018,1698.132081,Bolivia,3.43,2,3,4,5,4,3,3
BG,Bulgaria,42.733883,25.48583,9427.73043,4.14,,Bulgaria,BGR,2018,9427.73043,Bosnia and Herzegovina,2.86,2,2,4,2,4,4,2
BH,Bahrain,25.930414,50.637772,23991.04139,3.43,,Bahrain,BHR,2018,23991.04139,Botswana,2.57,3,2,3,2,4,3,1
BI,Burundi,-3.373056,29.918886,271.7524964,2.29,,Bahamas,BHS,2018,33767.94119,Brazil,4.29,3,5,5,5,5,4,3
BJ,Benin,9.30769,2.315834,1240.830962,3.29,,Bosnia and Herzegovina,BIH,2018,6072.184623,Brunei,3.67,2,5,4,5,4,,2
BM,Bermuda,32.321384,-64.75737,113023.1856,,,Belarus,BLR,2018,6330.075246,Bulgaria,4.14,4,5,4,3,4,5,4
BN,Brunei,4.535277,114.727669,31628.47626,3.67,,Belize,BLZ,2018,5001.422157,Burkina Faso,3.14,1,5,3,4,4,3,2
BO,Bolivia,-16.290154,-63.588653,3548.59078,3.43,,Bermuda,BMU,2018,113023.1856,Burundi,2.29,2,2,2,2,2,4,2
BR,Brazil,-14.235004,-51.92528,9151.445253,4.29,,Bolivia,BOL,2018,3548.59078,Cape Verde,2.86,4,2,4,2,4,2,2
BS,Bahamas,25.03428,-77.39628,33767.94119,2.57,,Brazil,BRA,2018,9151.445253,Cambodia,3.14,3,2,3,3,4,2,5
BT,Bhutan,27.514162,90.433601,3243.477437,3.17,,Barbados,BRB,2018,17745.25537,Cameroon,2.71,1,3,3,4,4,2,2
BV,Bouvet Island,-54.423199,3.413194,,,,Brunei,BRN,2018,31628.47626,Canada,4.14,4,5,5,5,4,4,2
BW,Botswana,-22.328474,24.684866,8279.818457,2.57,,Bhutan,BTN,2018,3243.477437,Central African Republic,1.71,1,2,3,2,2,1,1
BY,Belarus,53.709807,27.953389,6330.075246,3.29,,Botswana,BWA,2018,8279.818457,Chad,3.14,2,5,3,3,5,2,2
BZ,Belize,17.189877,-88.49765,5001.422157,2.29,,Central African Republic,CAF,2018,475.9538495,Chile,4.00,4,3,3,5,4,5,4
CA,Canada,56.130366,-106.346771,46454.74339,4.14,,Canada,CAN,2018,46454.74339,China,3.29,3,2,3,3,4,3,5
CC,Cocos [Keeling] Islands,-12.164165,96.870956,,,,Central Europe and the Baltics,CEB,2018,16033.35336,Colombia,4.14,4,5,3,4,5,4,4
CD,"Congo, Dem. Rep.",-4.038333,21.758664,557.0644117,2.71,,Switzerland,CHE,2018,86388.40495,Comoros,2.29,3,2,2,2,2,4,1
CF,Central African Republic,6.611111,20.939444,475.9538495,1.71,,Chile,CHL,2018,15888.14436,Congo,3.29,2,5,4,3,4,3,2
CG,Congo,-0.228021,15.827659,2601.410483,3.29,,China,CHN,2018,9976.677137,Cook Islands,3.71,4,4,4,4,4,4,2
CH,Switzerland,46.818188,8.227512,86388.40495,3.57,,Cote d'Ivoire,CIV,2018,2314.050958,Costa Rica,4.29,4,5,4,4,4,4,5
CI,Cote d'Ivoire,7.539989,-5.54708,2314.050958,2.29,,Cameroon,CMR,2018,1534.492241,Cote d'Ivoire,2.29,2,2,3,2,2,3,2
CK,Cook Islands,-21.236736,-159.777671,,3.71,,"Congo, Dem. Rep.",COD,2018,557.0644117,Croatia,3.57,4,3,4,3,4,4,3
CL,Chile,-35.675147,-71.542969,15888.14436,4,,Congo,COG,2018,2601.410483,Cuba,3.57,3,3,4,3,2,5,5
CM,Cameroon,7.369722,12.354722,1534.492241,2.71,,Colombia,COL,2018,6729.583332,Cyprus,3.71,3,4,4,3,4,5,3
CN,China,35.86166,104.195397,9976.677137,3.29,,Comoros,COM,2018,1415.955164,Czechia,3.71,4,3,4,3,4,5,3
CO,Colombia,4.570868,-74.297333,6729.583332,4.14,,Cape Verde,CPV,2018,3617.347445,North Korea,2.57,2,3,4,2,2,1,4
CR,Costa Rica,9.748917,-83.753428,12468.57529,4.29,,Costa Rica,CRI,2018,12468.57529,"Congo, Dem. Rep.",2.71,1,3,3,3,4,3,2
CU,Cuba,21.521757,-77.781167,8824.194008,3.57,,Caribbean small states,CSS,2018,10250.43407,Denmark,3.57,4,2,5,4,4,5,1
CV,Cape Verde,16.002082,-24.013197,3617.347445,2.86,,Cuba,CUB,2018,8824.194008,Djibouti,3.57,3,4,3,5,5,3,2
CX,Christmas Island,-10.447525,105.690449,,,,Curacao,CUW,2018,19630.89349,Dominica,2.71,3,2,3,2,2,2,5
CY,Cyprus,35.126413,33.429859,29089.47133,3.71,,Cayman Islands,CYM,2018,86059.73922,Dominican Republic,2.43,2,2,3,2,2,4,2
CZ,Czech Republic,49.817492,15.472962,23419.73561,,,Cyprus,CYP,2018,29089.47133,Ecuador,3.86,3,5,4,5,4,4,2
DE,Germany,51.165691,10.451526,47950.18081,3.57,,Czech Republic,CZE,2018,23419.73561,Egypt,4.43,4,5,4,5,4,4,5
DJ,Djibouti,11.825138,42.590275,3141.879389,3.57,,Germany,DEU,2018,47950.18081,El Salvador,3.86,2,2,5,5,4,4,5
DK,Denmark,56.26392,9.501785,61591.92887,3.57,,Djibouti,DJI,2018,3141.879389,Equatorial Guinea,2.14,2,2,2,2,2,3,2
DM,Dominica,15.414999,-61.370976,7693.771453,2.71,,Dominica,DMA,2018,7693.771453,Eritrea,2.86,2,2,2,3,5,4,2
DO,Dominican Republic,18.735693,-70.162651,8050.644076,2.43,,Denmark,DNK,2018,61591.92887,Estonia,3.43,4,2,4,3,4,5,2
DZ,Algeria,28.033886,1.659626,4153.956234,3,,Dominican Republic,DOM,2018,8050.644076,Swaziland,2.43,4,2,4,2,2,1,2
EC,Ecuador,-1.831239,-78.183406,6295.934662,3.86,,Algeria,DZA,2018,4153.956234,Ethiopia,2.71,1,2,4,2,4,3,3
EE,Estonia,58.595272,25.013607,23052.30126,3.43,,East Asia & Pacific (excluding high income),EAP,2018,7962.989944,Fiji,3.29,3,3,4,3,4,3,3
EG,Egypt,26.820553,30.802498,2537.125185,4.43,,Early-demographic dividend,EAR,2018,3432.891607,Finland,3.57,4,2,4,3,4,5,3
EH,Western Sahara,24.215527,-12.885834,,,,East Asia & Pacific,EAS,2018,11349.35537,France,3.71,4,1,4,4,4,5,4
ER,Eritrea,15.179384,39.782334,,2.86,,Europe & Central Asia (excluding high income),ECA,2018,8206.596661,Gabon,2.14,2,2,3,2,2,2,2
ES,Spain,40.463667,-3.74922,30349.7521,4.14,,Europe & Central Asia,ECS,2018,25237.84333,Gambia,2.57,2,2,2,3,4,3,2
ET,Ethiopia,9.145,40.489673,771.5248663,2.71,,Ecuador,ECU,2018,6295.934662,Georgia,3.14,3,3,3,3,2,3,5
FI,Finland,61.92411,25.748151,49964.49991,3.57,,Egypt,EGY,2018,2537.125185,Germany,3.57,4,2,4,3,4,4,4
FJ,Fiji,-16.578193,179.414413,6317.437799,3.29,,Euro area,EMU,2018,40038.27489,Ghana,3.43,2,2,4,4,5,2,5
FK,Falkland Islands,-51.796253,-59.523613,,,,Spain,ESP,2018,30349.7521,Greece,3.71,4,5,4,3,4,5,1
FM,Micronesia,7.425554,150.550812,,2.71,,Estonia,EST,2018,23052.30126,Grenada,2.14,3,2,3,2,2,1,2
FO,Faroe Islands,61.892635,-6.911806,62918.14619,,,Ethiopia,ETH,2018,771.5248663,Guatemala,2.86,2,5,4,2,2,3,2
FR,France,46.227638,2.213749,41572.48501,3.71,,European Union,EUU,2018,35734.7629,Guinea,2.86,2,3,3,3,5,2,2
GA,Gabon,-0.803689,11.609444,7956.627816,2.14,,Fragile and conflict affected situations,FCS,2018,1744.874523,Guinea-Bissau,2.00,1,2,3,2,2,2,2
GB,United Kingdom,55.378051,-3.435973,42992.80372,4.43,,Finland,FIN,2018,49964.49991,Guyana,2.43,2,3,4,2,2,3,1
GD,Grenada,12.262776,-61.604171,10486.37759,2.14,,Fiji,FJI,2018,6317.437799,Haiti,1.86,1,2,3,2,2,1,2
GE,Georgia,42.315407,43.356892,4722.787783,3.14,,France,FRA,2018,41572.48501,Honduras,3.71,2,5,4,4,4,3,4
GF,French Guiana,3.933889,-53.125782,,,,Faroe Islands,FRO,2018,62918.14619,Hungary,4.14,4,4,4,4,4,5,4
GG,Guernsey,49.465691,-2.585278,,,,"Micronesia, Fed. Sts.",FSM,2018,3568.291016,Iceland,3.43,4,2,3,4,4,4,3
GH,Ghana,7.946527,-1.023194,2194.232477,3.43,,Gabon,GAB,2018,7956.627816,India,3.57,3,4,4,2,4,3,5
GI,Gibraltar,36.137741,-5.345374,,,,United Kingdom,GBR,2018,42992.80372,Indonesia,2.86,3,3,3,3,2,4,2
GL,Greenland,71.706936,-42.604303,54470.95639,,,Georgia,GEO,2018,4722.787783,"Iran, Islamic Rep.",4.00,4,5,5,5,5,2,2
GM,Gambia,13.443182,-15.310139,,2.57,,Ghana,GHA,2018,2194.232477,Iraq,2.57,3,2,3,2,4,2,2
GN,Guinea,9.945587,-9.696645,955.1112811,2.86,,Guinea,GIN,2018,955.1112811,Ireland,4.00,4,5,5,4,4,5,1
GP,Guadeloupe,16.995971,-62.067641,,,,"Gambia, The",GMB,2018,732.7207273,Israel,3.00,2,2,5,3,2,5,2
GQ,Equatorial Guinea,1.650801,10.267895,10005.61679,2.14,,Guinea-Bissau,GNB,2018,802.7673851,Italy,3.43,4,1,4,3,4,5,3
GR,Greece,39.074208,21.824312,19765.99645,3.71,,Equatorial Guinea,GNQ,2018,10005.61679,Jamaica,2.71,3,2,4,3,2,3,2
GS,South Georgia and the South Sandwich Islands,-54.429579,-36.587909,,,,Greece,GRC,2018,19765.99645,Japan,3.00,4,2,4,3,2,4,2
GT,Guatemala,15.783471,-90.230759,4478.424646,2.86,,Grenada,GRD,2018,10486.37759,Jordan,3.57,4,3,4,3,4,5,2
GU,Guam,13.444304,144.793731,36502.38282,,,Greenland,GRL,2018,54470.95639,Kazakhstan,3.29,4,3,4,3,4,3,2
GW,Guinea-Bissau,11.803749,-15.180413,802.7673851,2,,Guatemala,GTM,2018,4478.424646,Kenya,3.00,2,2,4,3,5,3,2
GY,Guyana,4.860416,-58.93018,6145.818743,2.43,,Guam,GUM,2018,36502.38282,Kiribati,2.29,2,2,2,2,2,4,2
GZ,Gaza Strip,31.354676,34.308825,,,,Guyana,GUY,2018,6145.818743,Kuwait,4.14,4,4,5,4,4,3,5
HK,Hong Kong,22.396428,114.109497,48542.68187,,,High income,HIC,2018,45192.70403,Kyrgyzstan,3.29,4,3,4,4,4,3,1
HM,Heard Island and McDonald Islands,-53.08181,73.504158,,,,Hong Kong,HKG,2018,48542.68187,Laos,2.86,3,3,3,3,4,2,2
HN,Honduras,15.199999,-86.241905,2510.322943,3.71,,Honduras,HND,2018,2510.322943,Latvia,3.71,4,3,4,4,4,5,2
HR,Croatia,45.1,15.2,15014.08502,3.57,,Heavily indebted poor countries (HIPC),HPC,2018,982.7632666,Lebanon,3.71,3,5,4,3,4,3,4
HT,Haiti,18.971187,-72.285215,1435.350852,1.86,,Croatia,HRV,2018,15014.08502,Lesotho,2.57,3,2,4,2,2,3,2
HU,Hungary,47.162494,19.503304,16411.44111,4.14,,Haiti,HTI,2018,1435.350852,Liberia,2.57,2,2,3,2,2,2,5
ID,Indonesia,-0.789275,113.921327,3893.859578,2.86,,Hungary,HUN,2018,16411.44111,Libya,3.29,3,5,4,2,5,2,2
IE,Ireland,53.41291,-8.24389,79068.97461,4,,IBRD only,IBD,2018,6366.934808,Lithuania,3.57,4,3,4,3,4,5,2
IL,Israel,31.046051,34.851612,41704.82857,3,,IDA & IBRD total,IBT,2018,5077.653446,Luxembourg,3.71,4,2,4,3,4,4,5
IM,Isle of Man,54.236107,-4.548056,89112.66772,,,IDA total,IDA,2018,1306.901308,Madagascar,3.86,2,2,3,5,5,5,5
IN,India,20.593684,78.96288,1996.915087,3.57,,IDA blend,IDB,2018,1747.506594,Malawi,2.29,3,2,2,2,2,3,2
IO,British Indian Ocean Territory,-6.343194,71.876519,,,,Indonesia,IDN,2018,3893.859578,Malaysia,4.00,4,2,4,5,4,4,5
IQ,Iraq,33.223191,43.679291,5523.078375,2.57,,IDA only,IDX,2018,1085.742028,Maldives,2.86,2,3,3,3,5,3,1
IR,"Iran, Islamic Rep.",32.427908,53.688046,3598.483454,4,,Isle of Man,IMN,2018,89112.66772,Mali,2.71,2,2,3,3,4,3,2
IS,Iceland,64.963051,-19.020835,74469.80406,3.43,,India,IND,2018,1996.915087,Malta,4.14,4,5,4,4,4,5,3
IT,Italy,41.87194,12.56738,34608.6756,3.43,,Ireland,IRL,2018,79068.97461,Marshall Islands,2.71,2,5,4,2,2,3,1
JE,Jersey,49.214439,-2.13125,,,,"Iran, Islamic Rep.",IRN,2018,3598.483454,Mauritania,2.00,2,2,2,2,2,2,2
JM,Jamaica,18.109581,-77.297508,5359.993789,2.71,,Iraq,IRQ,2018,5523.078375,Mauritius,4.43,4,4,4,5,5,4,5
JO,Jordan,30.585164,36.238414,4308.151074,3.57,,Iceland,ISL,2018,74469.80406,Mexico,3.00,3,1,4,5,2,4,2
JP,Japan,36.204824,138.252924,39808.16856,3,,Israel,ISR,2018,41704.82857,Micronesia,2.71,3,3,3,2,2,4,2
KE,Kenya,-0.023559,37.906193,1708.001428,3,,Italy,ITA,2018,34608.6756,Monaco,2.00,2,1,4,2,2,1,2
KG,Kyrgyzstan,41.20438,74.766098,1308.139779,3.29,,Jamaica,JAM,2018,5359.993789,Mongolia,4.00,4,5,4,5,5,3,2
KH,Cambodia,12.565679,104.990963,1512.126989,3.14,,Jordan,JOR,2018,4308.151074,Montenegro,3.57,4,3,4,3,4,5,2
KI,Kiribati,-3.370417,-168.734039,1698.329587,2.29,,Japan,JPN,2018,39808.16856,Morocco,2.86,2,3,3,2,4,4,2
KM,Comoros,-11.875001,43.872219,1415.955164,2.29,,Kazakhstan,KAZ,2018,9812.626371,Mozambique,2.29,1,2,3,2,4,2,2
KN,St. Kitts and Nevis,17.357822,-62.782998,19276.52127,2.29,,Kenya,KEN,2018,1708.001428,Myanmar,3.14,3,3,3,2,4,4,3
KP,North Korea,40.339852,127.510093,,2.57,,Kyrgyzstan,KGZ,2018,1308.139779,Namibia,3.14,2,5,4,2,4,3,2
KR,"Korea, Rep.",35.907757,127.766922,33422.94421,3.43,,Cambodia,KHM,2018,1512.126989,Nauru,2.86,2,5,3,3,4,1,2
KW,Kuwait,29.31166,47.481766,33399.06048,4.14,,Kiribati,KIR,2018,1698.329587,Nepal,4.00,4,5,3,5,4,3,4
KY,Cayman Islands,19.513469,-80.566956,86059.73922,,,St. Kitts and Nevis,KNA,2018,19276.52127,Netherlands,3.29,4,2,4,3,4,4,2
KZ,Kazakhstan,48.019573,66.923684,9812.626371,3.29,,"Korea, Rep.",KOR,2018,33422.94421,New Zealand,4.57,4,5,5,5,4,4,5
LA,Laos,19.85627,102.495496,2542.489769,2.86,,Kuwait,KWT,2018,33399.06048,Nicaragua,2.57,1,4,3,4,2,3,1
LB,Lebanon,33.854721,35.862285,8012.539237,3.71,,Latin America & Caribbean (excluding high income),LAC,2018,8395.074358,Niger,3.14,3,3,3,4,5,3,1
LC,St. Lucia,13.909444,-60.978893,11357.82657,2.43,,Laos,LAO,2018,2542.489769,Nigeria,2.43,2,3,4,2,2,2,2
LI,Liechtenstein,47.166,9.555373,180366.7152,,,Lebanon,LBN,2018,8012.539237,Niue,2.86,4,2,4,2,2,4,2
LK,Sri Lanka,7.873054,80.771797,4058.803511,3.43,,Liberia,LBR,2018,677.3223191,Norway,4.00,4,3,4,4,4,4,5
LR,Liberia,6.428055,-9.429499,677.3223191,2.57,,Libya,LBY,2018,7877.12461,Palestine,3.29,3,5,3,2,4,5,1
LS,Lesotho,-29.609988,28.233608,1192.48432,2.57,,St. Lucia,LCA,2018,11357.82657,Oman,2.57,3,2,3,4,2,2,2
LT,Lithuania,55.169438,23.881275,19166.81227,3.57,,Latin America & Caribbean,LCN,2018,8893.376189,Pakistan,3.29,3,5,3,4,2,4,2
LU,Luxembourg,49.815273,6.129583,116597.2956,3.71,,Least developed countries: UN classification,LDC,2018,1067.621618,Palau,3.86,4,4,4,2,4,4,5
LV,Latvia,56.879635,24.603189,17849.5593,3.71,,Low income,LIC,2018,667.3655926,Panama,4.29,4,5,5,5,5,4,2
LY,Libya,26.3351,17.228331,7877.12461,3.29,,Liechtenstein,LIE,2018,180366.7152,Papua New Guinea,3.00,3,5,2,2,4,3,2
MA,Morocco,31.791702,-7.09262,3226.982794,2.86,,Sri Lanka,LKA,2018,4058.803511,Paraguay,2.43,3,2,4,2,2,2,2
MC,Monaco,43.750298,7.412841,185978.6093,2,,Lower middle income,LMC,2018,2264.39294,Peru,3.43,4,5,3,5,2,3,2
MD,Moldova,47.411631,28.369885,4230.363037,,,Low & middle income,LMY,2018,4929.895222,Philippines,3.14,4,3,4,2,4,3,2
ME,Montenegro,42.708678,19.37439,8850.094631,3.57,,Lesotho,LSO,2018,1192.48432,Poland,3.86,4,3,4,3,4,5,4
MG,Madagascar,-18.766947,46.869107,518.401123,3.86,,Late-demographic dividend,LTE,2018,9842.632232,Portugal,3.57,4,3,4,3,4,5,2
MH,Marshall Islands,7.131474,171.184478,3793.550983,2.71,,Lithuania,LTU,2018,19166.81227,Qatar,3.00,3,2,4,4,4,2,2
MK,Macedonia,41.608635,21.745275,,,,Luxembourg,LUX,2018,116597.2956,"Korea, Rep.",3.43,3,2,5,3,2,4,5
ML,Mali,17.570692,-3.996166,894.8047765,2.71,,Latvia,LVA,2018,17849.5593,Republic of Moldova,3.00,3,3,3,3,4,3,2
MM,Myanmar,21.913965,95.956223,1279.089756,3.14,,"Macao SAR, China",MAC,2018,87554.71386,North Macedonia,3.43,3,5,3,4,4,4,1
MN,Mongolia,46.862496,103.846656,4134.979372,4,,Morocco,MAR,2018,3226.982794,Romania,3.57,4,2,5,4,4,4,2
MO,Macau,22.198745,113.543873,,,,Monaco,MCO,2018,185978.6093,Russia,3.14,4,2,3,3,2,3,5
MP,Northern Mariana Islands,17.33083,145.38469,22886.67405,,,Moldova,MDA,2018,4230.363037,Rwanda,2.57,3,2,2,2,2,3,4
MQ,Martinique,14.641528,-61.024174,,,,Madagascar,MDG,2018,518.401123,St. Kitts and Nevis,2.29,3,2,3,2,2,2,2
MR,Mauritania,21.00789,-10.940835,1601.291932,2,,Maldives,MDV,2018,10276.77339,St. Lucia,2.43,3,2,3,2,2,3,2
MS,Montserrat,16.742498,-62.187366,,,,Middle East & North Africa,MEA,2018,7395.130765,St. Vincent and the Grenadines,2.00,2,2,3,2,2,2,1
MT,Malta,35.937496,14.375416,30672.29224,4.14,,Mexico,MEX,2018,9686.514244,Samoa,3.57,2,4,3,3,4,4,5
MU,Mauritius,-20.348404,57.552152,11208.3273,4.43,,Marshall Islands,MHL,2018,3793.550983,San Marino,2.86,2,3,3,2,4,4,2
MV,Maldives,3.202778,73.22068,10276.77339,2.86,,Middle income,MIC,2018,5399.040431,Sao Tome and Principe,2.71,3,2,2,2,2,3,5
MW,Malawi,-13.254308,34.301525,535.3513457,2.29,,North Macedonia,MKD,2018,6087.468311,Saudi Arabia,3.14,2,5,4,4,2,2,3
MX,Mexico,23.634501,-102.552784,9686.514244,3,,Mali,MLI,2018,894.8047765,Senegal,2.29,2,2,3,2,2,3,2
MY,Malaysia,4.210484,101.975766,11377.6542,4,,Malta,MLT,2018,30672.29224,Serbia,3.86,4,3,4,3,4,5,4
MZ,Mozambique,-18.665695,35.529562,503.3179252,2.29,,Myanmar,MMR,2018,1279.089756,Seychelles,4.14,2,5,3,5,5,4,5
NA,Namibia,-22.95764,18.49041,5587.985613,3.14,,Middle East & North Africa (excluding high income),MNA,2018,3360.10326,Sierra Leone,2.00,2,2,2,2,2,2,2
NC,New Caledonia,-20.904305,165.618042,,,,Montenegro,MNE,2018,8850.094631,Singapore,4.29,4,3,5,5,4,4,5
NE,Niger,17.607789,8.081666,572.4301385,3.14,,Mongolia,MNG,2018,4134.979372,Slovakia,3.57,4,3,4,3,4,5,2
NF,Norfolk Island,-29.040835,167.954712,,,,Northern Mariana Islands,MNP,2018,22886.67405,Slovenia,3.14,4,1,4,3,4,5,1
NG,Nigeria,9.081999,8.675277,2027.778549,2.43,,Mozambique,MOZ,2018,503.3179252,Solomon Islands,2.86,2,3,3,3,4,3,2
NI,Nicaragua,12.865416,-85.207229,2014.570287,2.57,,Mauritania,MRT,2018,1601.291932,Somalia,1.86,1,2,2,2,2,2,2
NL,Netherlands,52.132633,5.291266,53018.62936,3.29,,Mauritius,MUS,2018,11208.3273,South Africa,2.86,4,2,3,2,4,3,2
NO,Norway,60.472024,8.468946,82267.80932,4,,Malawi,MWI,2018,535.3513457,South Sudan,1.57,1,2,2,2,2,1,1
NP,Nepal,28.394857,84.124008,1178.525932,4,,Malaysia,MYS,2018,11377.6542,Spain,4.14,4,5,4,4,5,5,2
NR,Nauru,-0.522778,166.931503,11614.66508,2.86,,North America,NAC,2018,61381.71985,Sri Lanka,3.43,2,4,3,5,4,4,2
NU,Niue,-19.054445,-169.867233,,2.86,,Namibia,NAM,2018,5587.985613,Sudan,2.57,2,2,2,2,4,4,2
NZ,New Zealand,-40.900557,174.885971,43306.07,4.57,,Niger,NER,2018,572.4301385,Suriname,2.71,3,2,3,2,2,4,3
OM,Oman,21.512583,55.923255,16521.20623,2.57,,Nigeria,NGA,2018,2027.778549,Sweden,3.29,4,2,4,3,4,4,2
PA,Panama,8.537981,-80.782127,15544.73352,4.29,,Nicaragua,NIC,2018,2014.570287,Switzerland,3.57,4,2,4,4,2,4,5
PE,Peru,-9.189967,-75.015152,6957.793411,3.43,,Netherlands,NLD,2018,53018.62936,Syria,3.29,2,4,4,2,4,3,4
PF,French Polynesia,-17.679742,-149.406843,,,,Norway,NOR,2018,82267.80932,Tajikistan,2.29,1,2,3,2,4,3,1
PG,Papua New Guinea,-6.314993,143.95555,2801.371393,3,,Nepal,NPL,2018,1178.525932,Thailand,4.29,4,5,4,5,4,4,4
PH,Philippines,12.879721,121.774017,3252.110274,3.14,,Nauru,NRU,2018,11614.66508,Timor-Leste,2.14,2,2,2,2,2,3,2
PK,Pakistan,30.375321,69.345116,1482.213067,3.29,,New Zealand,NZL,2018,43306.07,Togo,3.14,3,3,3,4,5,2,2
PL,Poland,51.919438,19.145136,15468.40941,3.86,,OECD members,OED,2018,39339.00803,Tonga,3.29,3,2,4,4,4,4,2
PM,Saint Pierre and Miquelon,46.941936,-56.27111,,,,Oman,OMN,2018,16521.20623,Trinidad and Tobago,3.00,3,5,4,2,2,3,2
PN,Pitcairn Islands,-24.703615,-127.439308,,,,Other small states,OSS,2018,14399.54117,Tunisia,3.43,2,2,4,2,4,5,5
PR,Puerto Rico,18.220833,-66.590149,31604.70151,,,Pakistan,PAK,2018,1482.213067,Turkey,4.86,4,5,5,5,5,5,5
PS,Palestinian Territories,31.952162,35.233154,,,,Panama,PAN,2018,15544.73352,Turkmenistan,2.71,1,5,4,3,2,3,1
PT,Portugal,39.399872,-8.224454,23551.04829,3.57,,Peru,PER,2018,6957.793411,Tuvalu,3.14,1,3,4,3,5,2,4
PW,Palau,7.51498,134.58252,15657.17715,3.86,,Philippines,PHL,2018,3252.110274,Uganda,2.71,2,3,4,3,2,3,2
PY,Paraguay,-23.442503,-58.443832,5782.78455,2.43,,Palau,PLW,2018,15657.17715,Ukraine,3.71,4,4,3,5,4,4,2
QA,Qatar,25.354826,51.183884,65907.94843,3,,Papua New Guinea,PNG,2018,2801.371393,United Arab Emirates,3.29,3,3,5,4,4,3,1
RE,Réunion,-21.115141,55.536384,,,,Poland,POL,2018,15468.40941,United Kingdom,4.43,4,5,4,4,4,5,5
RO,Romania,45.943161,24.96676,12398.98198,3.57,,Pre-demographic dividend,PRE,2018,1450.815035,Tanzania,2.57,2,2,4,2,4,3,1
RS,Serbia,44.016521,21.005859,7252.401858,3.86,,Puerto Rico,PRI,2018,31604.70151,United States,3.43,3,2,5,4,2,3,5
RU,Russia,61.52401,105.318756,11287.35528,3.14,,Portugal,PRT,2018,23551.04829,Uruguay,4.57,4,5,5,5,4,4,5
RW,Rwanda,-1.940278,29.873888,783.6371628,2.57,,Paraguay,PRY,2018,5782.78455,Uzbekistan,2.86,1,2,3,3,4,3,4
SA,Saudi Arabia,23.885942,45.079162,23337.01755,3.14,,West Bank and Gaza,PSE,2018,3562.330943,Vanuatu,3.14,3,2,3,3,5,4,2
SB,Solomon Islands,-9.64571,160.156194,2411.862926,2.86,,Pacific island small states,PSS,2018,4336.985308,Venezuela,3.57,3,5,4,5,2,4,2
SC,Seychelles,-4.679574,55.491977,16390.82491,4.14,,Post-demographic dividend,PST,2018,45451.87719,Vietnam,3.71,3,4,3,4,4,3,5
SD,Sudan,12.862807,30.217636,825.8689411,2.57,,Qatar,QAT,2018,65907.94843,Yemen,3.00,2,2,3,4,4,4,2
SE,Sweden,60.128161,18.643501,54589.06039,3.29,,Romania,ROU,2018,12398.98198,Zambia,2.57,2,4,3,2,2,3,2
SG,Singapore,1.352083,103.819836,66679.04649,4.29,,Russia,RUS,2018,11287.35528,Zimbabwe,2.29,1,3,3,2,2,3,2
SH,Saint Helena,-24.143474,-10.030696,,,,Rwanda,RWA,2018,783.6371628,,,,,,,,,
SI,Slovenia,46.151241,14.995463,26104.10279,3.14,,South Asia,SAS,2018,1894.169093,,,,,,,,,
SJ,Svalbard and Jan Mayen,77.553604,23.670272,,,,Saudi Arabia,SAU,2018,23337.01755,,,,,,,,,
SK,Slovakia,48.669026,19.699024,19364.6201,3.57,,Sudan,SDN,2018,825.8689411,,,,,,,,,
SL,Sierra Leone,8.460555,-11.779889,533.9915333,2,,Senegal,SEN,2018,1458.069093,,,,,,,,,
SM,San Marino,43.94236,12.457777,48996.59225,2.86,,Singapore,SGP,2018,66679.04649,,,,,,,,,
SN,Senegal,14.497401,-14.452362,1458.069093,2.29,,Solomon Islands,SLB,2018,2411.862926,,,,,,,,,
SO,Somalia,5.152149,46.199616,314.542678,1.86,,Sierra Leone,SLE,2018,533.9915333,,,,,,,,,
SR,Suriname,3.919305,-56.027783,6938.086981,2.71,,El Salvador,SLV,2018,4052.624775,,,,,,,,,
ST,Sao Tome and Principe,0.18636,6.613081,1953.513257,2.71,,San Marino,SMR,2018,48996.59225,,,,,,,,,
SV,El Salvador,13.794185,-88.89653,4052.624775,3.86,,Somalia,SOM,2018,314.542678,,,,,,,,,
SY,Syria,34.802075,38.996815,,3.29,,Serbia,SRB,2018,7252.401858,,,,,,,,,
SZ,Swaziland,-26.522503,31.465866,4105.897212,2.43,,Sub-Saharan Africa (excluding high income),SSA,2018,1597.358963,,,,,,,,,
TC,Turks and Caicos Islands,21.694025,-71.797928,29553.1367,,,Sub-Saharan Africa,SSF,2018,1598.687744,,,,,,,,,
TD,Chad,15.454166,18.732207,726.1510071,3.14,,Small states,SST,2018,13038.10426,,,,,,,,,
TF,French Southern Territories,-49.280366,69.348557,,,,Sao Tome and Principe,STP,2018,1953.513257,,,,,,,,,
TG,Togo,8.619543,0.824782,901.5230169,3.14,,Suriname,SUR,2018,6938.086981,,,,,,,,,
TH,Thailand,15.870032,100.992541,7296.879608,4.29,,Slovakia,SVK,2018,19364.6201,,,,,,,,,
TJ,Tajikistan,38.861034,71.276093,853.2188734,2.29,,Slovenia,SVN,2018,26104.10279,,,,,,,,,
TK,Tokelau,-8.967363,-171.855881,,,,Sweden,SWE,2018,54589.06039,,,,,,,,,
TL,Timor-Leste,-8.874217,125.727539,1230.22528,2.14,,Swaziland,SWZ,2018,4105.897212,,,,,,,,,
TM,Turkmenistan,38.969719,59.556278,6967.375043,2.71,,Sint Maarten (Dutch part),SXM,2018,29160.10381,,,,,,,,,
TN,Tunisia,33.886917,9.537499,3438.805067,3.43,,Seychelles,SYC,2018,16390.82491,,,,,,,,,
TO,Tonga,-21.178986,-175.198242,4740.700272,3.29,,Turks and Caicos Islands,TCA,2018,29553.1367,,,,,,,,,
TR,Turkey,38.963745,35.243322,9453.196172,4.86,,Chad,TCD,2018,726.1510071,,,,,,,,,
TT,Trinidad and Tobago,10.691803,-61.222503,17037.86236,3,,East Asia & Pacific (IDA & IBRD countries),TEA,2018,8051.812548,,,,,,,,,
TV,Tuvalu,-7.109535,177.64933,3701.709255,3.14,,Europe & Central Asia (IDA & IBRD countries),TEC,2018,8868.02881,,,,,,,,,
TW,Taiwan,23.69781,120.960515,,,,Togo,TGO,2018,901.5230169,,,,,,,,,
TZ,Tanzania,-6.369028,34.888822,1042.838759,2.57,,Thailand,THA,2018,7296.879608,,,,,,,,,
UA,Ukraine,48.379433,31.16558,3096.817402,3.71,,Tajikistan,TJK,2018,853.2188734,,,,,,,,,
UG,Uganda,1.373333,32.290275,770.2570601,2.71,,Turkmenistan,TKM,2018,6967.375043,,,,,,,,,
UM,U.S. Minor Outlying Islands,,,,,,Latin America & the Caribbean (IDA & IBRD countries),TLA,2018,8730.546509,,,,,,,,,
US,United States,37.09024,-95.712891,63064.41841,3.43,,Timor-Leste,TLS,2018,1230.22528,,,,,,,,,
UY,Uruguay,-32.522779,-55.765835,18703.86029,4.57,,Middle East & North Africa (IDA & IBRD countries),TMN,2018,3357.641822,,,,,,,,,
UZ,Uzbekistan,41.377491,64.585262,1529.082864,2.86,,Tonga,TON,2018,4740.700272,,,,,,,,,
VA,Vatican City,41.902916,12.453389,,,,South Asia (IDA & IBRD),TSA,2018,1894.169093,,,,,,,,,
VC,St. Vincent and the Grenadines,12.984305,-61.287228,7361.400962,2,,Sub-Saharan Africa (IDA & IBRD countries),TSS,2018,1598.687744,,,,,,,,,
VE,Venezuela,6.42375,-66.58973,,3.57,,Trinidad and Tobago,TTO,2018,17037.86236,,,,,,,,,
VG,British Virgin Islands,18.420695,-64.639968,,,,Tunisia,TUN,2018,3438.805067,,,,,,,,,
VI,U.S. Virgin Islands,18.335765,-64.896335,,,,Turkey,TUR,2018,9453.196172,,,,,,,,,
VN,Vietnam,14.058324,108.277199,2566.447487,3.71,,Tuvalu,TUV,2018,3701.709255,,,,,,,,,
VU,Vanuatu,-15.376706,166.959158,3125.404999,3.14,,Tanzania,TZA,2018,1042.838759,,,,,,,,,
WF,Wallis and Futuna,-13.768752,-177.156097,,,,Uganda,UGA,2018,770.2570601,,,,,,,,,
WS,Samoa,-13.759029,-172.104629,4188.571058,3.57,,Ukraine,UKR,2018,3096.817402,,,,,,,,,
XK,Kosovo,42.602636,20.902977,4419.914327,,,Upper middle income,UMC,2018,9483.693306,,,,,,,,,
YE,Yemen,15.552727,48.516388,824.117718,3,,Uruguay,URY,2018,18703.86029,,,,,,,,,
YT,Mayotte,-12.8275,45.166244,,,,United States,USA,2018,63064.41841,,,,,,,,,
ZA,South Africa,-30.559482,22.937506,6372.605655,2.86,,Uzbekistan,UZB,2018,1529.082864,,,,,,,,,
ZM,Zambia,-13.133897,27.849332,1516.3711,2.57,,St. Vincent and the Grenadines,VCT,2018,7361.400962,,,,,,,,,
ZW,Zimbabwe,-19.015438,29.154857,1352.162653,2.29,,Virgin Islands (U.S.),VIR,2018,37233.29689,,,,,,,,,
,,,,,,,Vietnam,VNM,2018,2566.447487,,,,,,,,,
,,,,,,,Vanuatu,VUT,2018,3125.404999,,,,,,,,,
,,,,,,,World,WLD,2018,11345.34998,,,,,,,,,
,,,,,,,Samoa,WSM,2018,4188.571058,,,,,,,,,
,,,,,,,Kosovo,XKX,2018,4419.914327,,,,,,,,,
,,,,,,,Yemen,YEM,2018,824.117718,,,,,,,,,
,,,,,,,South Africa,ZAF,2018,6372.605655,,,,,,,,,
,,,,,,,Zambia,ZMB,2018,1516.3711,,,,,,,,,
,,,,,,,Zimbabwe,ZWE,2018,1352.162653,,,,,,,,,
